date,_TYPE_,_FREQ_,total_volume
,0,2939520,4893334729
01/10/2005,1,69,36908
01/11/2005,1,83,66811
01/12/2005,1,78,59545
01/13/2005,1,62,85383
01/14/2005,1,69,42066
01/18/2005,1,74,75531
01/19/2005,1,57,39390
01/20/2005,1,56,42416
01/21/2005,1,78,86251
01/24/2005,1,71,21514
01/25/2005,1,182,45992
01/26/2005,1,57,24373
01/27/2005,1,65,41049
01/28/2005,1,84,26630
01/31/2005,1,117,82247
02/01/2005,1,66,19694
02/02/2005,1,68,21007
02/03/2005,1,41,32170
02/04/2005,1,68,30505
02/07/2005,1,52,36579
02/08/2005,1,77,31564
02/09/2005,1,133,56117
02/10/2005,1,84,43419
02/11/2005,1,121,67438
02/14/2005,1,66,44819
02/15/2005,1,66,21995
02/16/2005,1,70,27675
02/17/2005,1,75,61437
02/18/2005,1,82,54557
02/22/2005,1,106,81559
02/23/2005,1,100,35368
02/24/2005,1,78,43239
02/25/2005,1,96,37283
02/28/2005,1,71,19387
03/01/2005,1,99,24398
03/02/2005,1,92,42183
03/03/2005,1,91,42182
03/04/2005,1,115,57226
03/07/2005,1,90,64550
03/08/2005,1,81,59961
03/09/2005,1,93,45180
03/10/2005,1,88,47544
03/11/2005,1,108,57642
03/14/2005,1,116,58990
03/15/2005,1,95,27509
03/16/2005,1,111,61584
03/17/2005,1,110,47786
03/18/2005,1,100,172380
03/21/2005,1,89,31233
03/22/2005,1,86,44019
03/23/2005,1,115,113305
03/24/2005,1,81,36834
03/28/2005,1,70,14663
03/29/2005,1,81,65547
03/30/2005,1,98,86252
03/31/2005,1,83,75443
04/01/2005,1,118,64923
04/04/2005,1,162,169663
04/05/2005,1,98,103270
04/06/2005,1,80,50315
04/07/2005,1,65,19823
04/08/2005,1,101,159062
04/11/2005,1,73,100738
04/12/2005,1,84,36058
04/13/2005,1,78,30028
04/14/2005,1,186,297384
04/15/2005,1,132,135564
04/18/2005,1,130,100699
04/19/2005,1,46,16453
04/20/2005,1,98,170793
04/21/2005,1,93,59047
04/22/2005,1,80,46401
04/25/2005,1,70,30885
04/26/2005,1,110,77808
04/27/2005,1,98,89220
04/28/2005,1,95,49636
04/29/2005,1,83,57092
05/02/2005,1,91,101041
05/03/2005,1,120,89188
05/04/2005,1,114,86850
05/05/2005,1,104,98046
05/06/2005,1,89,48283
05/09/2005,1,106,53713
05/10/2005,1,90,70011
05/11/2005,1,152,127115
05/12/2005,1,104,57352
05/13/2005,1,85,77889
05/16/2005,1,104,79503
05/17/2005,1,73,44479
05/18/2005,1,94,63666
05/19/2005,1,79,107281
05/20/2005,1,70,60881
05/23/2005,1,91,66315
05/24/2005,1,79,38937
05/25/2005,1,63,53864
05/26/2005,1,78,57853
05/27/2005,1,60,38704
05/31/2005,1,82,55880
06/01/2005,1,98,67878
06/02/2005,1,75,53773
06/03/2005,1,62,59003
06/06/2005,1,71,54594
06/07/2005,1,86,50056
06/08/2005,1,66,27661
06/09/2005,1,68,63162
06/10/2005,1,61,32599
06/13/2005,1,105,54094
06/14/2005,1,83,27814
06/15/2005,1,90,41406
06/16/2005,1,81,105449
06/17/2005,1,81,109514
06/20/2005,1,53,24160
06/21/2005,1,56,17873
06/22/2005,1,86,104898
06/23/2005,1,58,23252
06/24/2005,1,76,53506
06/27/2005,1,78,40121
06/28/2005,1,56,41641
06/29/2005,1,43,17406
06/30/2005,1,79,57212
07/01/2005,1,68,86491
07/05/2005,1,81,38285
07/06/2005,1,72,62062
07/07/2005,1,146,161832
07/08/2005,1,85,129252
07/11/2005,1,94,85791
07/12/2005,1,78,55745
07/13/2005,1,75,62533
07/14/2005,1,90,93130
07/15/2005,1,69,136733
07/18/2005,1,76,92326
07/19/2005,1,78,45149
07/20/2005,1,90,56465
07/21/2005,1,100,113698
07/22/2005,1,64,21676
07/25/2005,1,92,29117
07/26/2005,1,58,48119
07/27/2005,1,87,67338
07/28/2005,1,85,56164
07/29/2005,1,100,68040
08/01/2005,1,85,68230
08/02/2005,1,87,53897
08/03/2005,1,80,42510
08/04/2005,1,82,31667
08/05/2005,1,93,108476
08/08/2005,1,78,37628
08/09/2005,1,81,71475
08/10/2005,1,88,113375
08/11/2005,1,75,76813
08/12/2005,1,97,192766
08/15/2005,1,74,48010
08/16/2005,1,89,110333
08/17/2005,1,85,172415
08/18/2005,1,82,106895
08/19/2005,1,79,174957
08/22/2005,1,111,144528
08/23/2005,1,86,102232
08/24/2005,1,103,61968
08/25/2005,1,80,74260
08/26/2005,1,138,88143
08/29/2005,1,88,57904
08/30/2005,1,119,138023
08/31/2005,1,138,128957
09/01/2005,1,112,58420
09/02/2005,1,92,84357
09/06/2005,1,127,79874
09/07/2005,1,99,112006
09/08/2005,1,88,65794
09/09/2005,1,104,81787
09/12/2005,1,79,105335
09/13/2005,1,83,103219
09/14/2005,1,75,41075
09/15/2005,1,80,78452
09/16/2005,1,101,125188
09/19/2005,1,104,166664
09/20/2005,1,99,122554
09/21/2005,1,113,152065
09/22/2005,1,110,116853
09/23/2005,1,97,121565
09/26/2005,1,94,70493
09/27/2005,1,93,51350
09/28/2005,1,78,56174
09/29/2005,1,109,97317
09/30/2005,1,78,64710
10/03/2005,1,80,65439
10/04/2005,1,89,56858
10/05/2005,1,116,218604
10/06/2005,1,134,362982
10/07/2005,1,98,120516
10/10/2005,1,107,121047
10/11/2005,1,122,151169
10/12/2005,1,118,341773
10/13/2005,1,135,233548
10/14/2005,1,117,119616
10/17/2005,1,106,98416
10/18/2005,1,111,104735
10/19/2005,1,112,198194
10/20/2005,1,120,250827
10/21/2005,1,118,182596
10/24/2005,1,104,104507
10/25/2005,1,106,99063
10/26/2005,1,117,70612
10/27/2005,1,102,99590
10/28/2005,1,110,92337
10/31/2005,1,96,127268
11/01/2005,1,97,70924
11/02/2005,1,98,45406
11/03/2005,1,109,96796
11/04/2005,1,94,55135
11/07/2005,1,82,62446
11/08/2005,1,84,33658
11/09/2005,1,98,70441
11/10/2005,1,104,59199
11/11/2005,1,95,123730
11/14/2005,1,117,130024
11/15/2005,1,83,82572
11/16/2005,1,78,93732
11/17/2005,1,83,90924
11/18/2005,1,123,137090
11/21/2005,1,131,83164
11/22/2005,1,114,89373
11/23/2005,1,112,131800
11/25/2005,1,76,42736
11/28/2005,1,109,81171
11/29/2005,1,104,82144
11/30/2005,1,101,70602
12/01/2005,1,100,48764
12/02/2005,1,100,88133
12/05/2005,1,78,101487
12/06/2005,1,89,77192
12/07/2005,1,97,59717
12/08/2005,1,104,79268
12/09/2005,1,103,65695
12/12/2005,1,128,47885
12/13/2005,1,119,73479
12/14/2005,1,101,124455
12/15/2005,1,127,100683
12/16/2005,1,96,132586
12/19/2005,1,91,164736
12/20/2005,1,104,28944
12/21/2005,1,91,58302
12/22/2005,1,74,25588
12/23/2005,1,83,22461
12/27/2005,1,101,60812
12/28/2005,1,81,36215
12/29/2005,1,89,45597
12/30/2005,1,94,100032
01/03/2006,1,112,76951
01/04/2006,1,81,105665
01/05/2006,1,68,34135
01/06/2006,1,109,112313
01/09/2006,1,87,74804
01/10/2006,1,85,77714
01/11/2006,1,80,76005
01/12/2006,1,81,51839
01/13/2006,1,70,61111
01/17/2006,1,84,85834
01/18/2006,1,86,118532
01/19/2006,1,79,84722
01/20/2006,1,136,267409
01/23/2006,1,105,69493
01/24/2006,1,109,84322
01/25/2006,1,121,91200
01/26/2006,1,90,65789
01/27/2006,1,108,69142
01/30/2006,1,95,29679
01/31/2006,1,101,135738
02/01/2006,1,91,79808
02/02/2006,1,96,120103
02/03/2006,1,121,154919
02/06/2006,1,86,67313
02/07/2006,1,105,169751
02/08/2006,1,97,70626
02/09/2006,1,96,91990
02/10/2006,1,110,91535
02/13/2006,1,99,176413
02/14/2006,1,104,156887
02/15/2006,1,110,124396
02/16/2006,1,110,95793
02/17/2006,1,125,134532
02/21/2006,1,127,102293
02/22/2006,1,117,74445
02/23/2006,1,116,51913
02/24/2006,1,109,49372
02/27/2006,1,107,81629
02/28/2006,1,103,111069
03/01/2006,1,110,152185
03/02/2006,1,102,77933
03/03/2006,1,112,70114
03/06/2006,1,100,97199
03/07/2006,1,110,96447
03/08/2006,1,105,132413
03/09/2006,1,126,125116
03/10/2006,1,106,107083
03/13/2006,1,119,55420
03/14/2006,1,119,212509
03/15/2006,1,117,115599
03/16/2006,1,122,145118
03/17/2006,1,132,98218
03/20/2006,1,134,71808
03/21/2006,1,128,117674
03/22/2006,1,106,89853
03/23/2006,1,92,56989
03/24/2006,1,80,105920
03/27/2006,1,73,47821
03/28/2006,1,111,133187
03/29/2006,1,104,86470
03/30/2006,1,102,186102
03/31/2006,1,74,91692
04/03/2006,1,103,144272
04/04/2006,1,99,111123
04/05/2006,1,109,121360
04/06/2006,1,107,145092
04/07/2006,1,131,156015
04/10/2006,1,102,69494
04/11/2006,1,146,288901
04/12/2006,1,93,100223
04/13/2006,1,108,126700
04/17/2006,1,118,169888
04/18/2006,1,131,164446
04/19/2006,1,122,115835
04/20/2006,1,112,111049
04/21/2006,1,116,154811
04/24/2006,1,118,79036
04/25/2006,1,120,91941
04/26/2006,1,101,55096
04/27/2006,1,134,116739
04/28/2006,1,115,86196
05/01/2006,1,125,131500
05/02/2006,1,105,59925
05/03/2006,1,103,66210
05/04/2006,1,98,41839
05/05/2006,1,136,138464
05/08/2006,1,107,61463
05/09/2006,1,89,47044
05/10/2006,1,101,134067
05/11/2006,1,122,247900
05/12/2006,1,154,275885
05/15/2006,1,155,235002
05/16/2006,1,104,172509
05/17/2006,1,179,563773
05/18/2006,1,168,379305
05/19/2006,1,220,518203
05/22/2006,1,197,260267
05/23/2006,1,162,177650
05/24/2006,1,190,220955
05/25/2006,1,134,147406
05/26/2006,1,147,124678
05/30/2006,1,171,152520
05/31/2006,1,144,154840
06/01/2006,1,145,164456
06/02/2006,1,149,185440
06/05/2006,1,154,187203
06/06/2006,1,195,248506
06/07/2006,1,165,187195
06/08/2006,1,209,357693
06/09/2006,1,179,126805
06/12/2006,1,183,184127
06/13/2006,1,231,489689
06/14/2006,1,221,262782
06/15/2006,1,190,332426
06/16/2006,1,158,249825
06/19/2006,1,178,210215
06/20/2006,1,143,140973
06/21/2006,1,168,208357
06/22/2006,1,129,272415
06/23/2006,1,143,94812
06/26/2006,1,99,63866
06/27/2006,1,130,128724
06/28/2006,1,135,83340
06/29/2006,1,152,268303
06/30/2006,1,126,194346
07/03/2006,1,86,46936
07/05/2006,1,121,161650
07/06/2006,1,106,79170
07/07/2006,1,121,85720
07/10/2006,1,108,91413
07/11/2006,1,101,183881
07/12/2006,1,112,226706
07/13/2006,1,154,395783
07/14/2006,1,175,315563
07/17/2006,1,134,211413
07/18/2006,1,155,363390
07/19/2006,1,173,311993
07/20/2006,1,109,237682
07/21/2006,1,114,396503
07/24/2006,1,120,180656
07/25/2006,1,121,185831
07/26/2006,1,109,84271
07/27/2006,1,116,110141
07/28/2006,1,147,150272
07/31/2006,1,102,81675
08/01/2006,1,126,119323
08/02/2006,1,125,114273
08/03/2006,1,96,108088
08/04/2006,1,132,192500
08/07/2006,1,103,67937
08/08/2006,1,139,168904
08/09/2006,1,115,164774
08/10/2006,1,102,139634
08/11/2006,1,102,107902
08/14/2006,1,121,127747
08/15/2006,1,129,223513
08/16/2006,1,135,183759
08/17/2006,1,137,159084
08/18/2006,1,122,203780
08/21/2006,1,136,130661
08/22/2006,1,136,80746
08/23/2006,1,117,118015
08/24/2006,1,114,97028
08/25/2006,1,111,71849
08/28/2006,1,132,91816
08/29/2006,1,139,103594
08/30/2006,1,116,60856
08/31/2006,1,116,72795
09/01/2006,1,137,204155
09/05/2006,1,129,220640
09/06/2006,1,124,193051
09/07/2006,1,136,124801
09/08/2006,1,119,70853
09/11/2006,1,145,185355
09/12/2006,1,133,245557
09/13/2006,1,144,127886
09/14/2006,1,120,158124
09/15/2006,1,148,206992
09/18/2006,1,134,123996
09/19/2006,1,133,380814
09/20/2006,1,164,150677
09/21/2006,1,127,109871
09/22/2006,1,122,123309
09/25/2006,1,117,117191
09/26/2006,1,122,183762
09/27/2006,1,150,141471
09/28/2006,1,95,107340
09/29/2006,1,95,51503
10/02/2006,1,105,97704
10/03/2006,1,120,248089
10/04/2006,1,130,206875
10/05/2006,1,114,388262
10/06/2006,1,91,125699
10/09/2006,1,95,104236
10/10/2006,1,112,122861
10/11/2006,1,103,146804
10/12/2006,1,117,187418
10/13/2006,1,120,166105
10/16/2006,1,114,85972
10/17/2006,1,122,228798
10/18/2006,1,119,194725
10/19/2006,1,102,109625
10/20/2006,1,101,117990
10/23/2006,1,126,149074
10/24/2006,1,102,98894
10/25/2006,1,115,122529
10/26/2006,1,119,137512
10/27/2006,1,118,145605
10/30/2006,1,105,119275
10/31/2006,1,99,122458
11/01/2006,1,115,158406
11/02/2006,1,98,176611
11/03/2006,1,105,81437
11/06/2006,1,135,120912
11/07/2006,1,124,116493
11/08/2006,1,117,112428
11/09/2006,1,92,138317
11/10/2006,1,92,91431
11/13/2006,1,100,98358
11/14/2006,1,127,154393
11/15/2006,1,132,127701
11/16/2006,1,114,163907
11/17/2006,1,111,155196
11/20/2006,1,119,154355
11/21/2006,1,120,124545
11/22/2006,1,105,46531
11/24/2006,1,98,80575
11/27/2006,1,142,215804
11/28/2006,1,123,100287
11/29/2006,1,118,111742
11/30/2006,1,114,97696
12/01/2006,1,124,199464
12/04/2006,1,123,120852
12/05/2006,1,121,96521
12/06/2006,1,114,96411
12/07/2006,1,129,89698
12/08/2006,1,98,92075
12/11/2006,1,98,59452
12/12/2006,1,107,86582
12/13/2006,1,95,123621
12/14/2006,1,142,246915
12/15/2006,1,120,147216
12/18/2006,1,101,74061
12/19/2006,1,123,114388
12/20/2006,1,100,74887
12/21/2006,1,117,97780
12/22/2006,1,118,72358
12/26/2006,1,97,43097
12/27/2006,1,96,71964
12/28/2006,1,91,50188
12/29/2006,1,102,131944
01/03/2007,1,142,107013
01/04/2007,1,126,216355
01/05/2007,1,132,120907
01/08/2007,1,119,89541
01/09/2007,1,92,114398
01/10/2007,1,110,147074
01/11/2007,1,116,151634
01/12/2007,1,114,146740
01/16/2007,1,95,153406
01/17/2007,1,116,129471
01/18/2007,1,94,119688
01/19/2007,1,101,219815
01/22/2007,1,103,94336
01/23/2007,1,106,87170
01/24/2007,1,122,100952
01/25/2007,1,146,236399
01/26/2007,1,123,207982
01/29/2007,1,90,102579
01/30/2007,1,103,75286
01/31/2007,1,124,123190
02/01/2007,1,102,87920
02/02/2007,1,90,97628
02/05/2007,1,90,49800
02/06/2007,1,89,94558
02/07/2007,1,105,106527
02/08/2007,1,97,87630
02/09/2007,1,120,152505
02/12/2007,1,100,218143
02/13/2007,1,124,132349
02/14/2007,1,134,219191
02/15/2007,1,122,117377
02/16/2007,1,97,79313
02/20/2007,1,121,137427
02/21/2007,1,103,86915
02/22/2007,1,126,118949
02/23/2007,1,130,117463
02/26/2007,1,116,135885
02/27/2007,1,250,831112
02/28/2007,1,223,456370
03/01/2007,1,215,435745
03/02/2007,1,203,270492
03/05/2007,1,211,368350
03/06/2007,1,182,243464
03/07/2007,1,175,370291
03/08/2007,1,147,240654
03/09/2007,1,149,212603
03/12/2007,1,126,123413
03/13/2007,1,200,494179
03/14/2007,1,224,593527
03/15/2007,1,160,224244
03/16/2007,1,155,284871
03/19/2007,1,172,200899
03/20/2007,1,174,183009
03/21/2007,1,152,337090
03/22/2007,1,139,173674
03/23/2007,1,113,138363
03/26/2007,1,129,130407
03/27/2007,1,104,110866
03/28/2007,1,157,232085
03/29/2007,1,136,164349
03/30/2007,1,168,306505
04/02/2007,1,120,139392
04/03/2007,1,135,173946
04/04/2007,1,118,167603
04/05/2007,1,126,130566
04/09/2007,1,124,131319
04/10/2007,1,119,192337
04/11/2007,1,133,276984
04/12/2007,1,119,175374
04/13/2007,1,126,214020
04/16/2007,1,146,438284
04/17/2007,1,126,256501
04/18/2007,1,143,197672
04/19/2007,1,131,220386
04/20/2007,1,174,454861
04/23/2007,1,141,230785
04/24/2007,1,110,166022
04/25/2007,1,162,218856
04/26/2007,1,135,204048
04/27/2007,1,149,162361
04/30/2007,1,158,212470
05/01/2007,1,160,302626
05/02/2007,1,147,256977
05/03/2007,1,147,194551
05/04/2007,1,166,211536
05/07/2007,1,143,198225
05/08/2007,1,152,161799
05/09/2007,1,146,140016
05/10/2007,1,154,280682
05/11/2007,1,196,162034
05/14/2007,1,135,166824
05/15/2007,1,159,207579
05/16/2007,1,125,171919
05/17/2007,1,135,177265
05/18/2007,1,164,224965
05/21/2007,1,169,324461
05/22/2007,1,150,223653
05/23/2007,1,169,208660
05/24/2007,1,186,274350
05/25/2007,1,126,179058
05/29/2007,1,129,112952
05/30/2007,1,134,147262
05/31/2007,1,149,210083
06/01/2007,1,144,174744
06/04/2007,1,131,219249
06/05/2007,1,143,212215
06/06/2007,1,173,398680
06/07/2007,1,220,909041
06/08/2007,1,208,407688
06/11/2007,1,154,239674
06/12/2007,1,220,377629
06/13/2007,1,171,284775
06/14/2007,1,165,246668
06/15/2007,1,183,282253
06/18/2007,1,176,188782
06/19/2007,1,134,95420
06/20/2007,1,177,276406
06/21/2007,1,163,262549
06/22/2007,1,195,380400
06/25/2007,1,174,240523
06/26/2007,1,217,287885
06/27/2007,1,250,448906
06/28/2007,1,214,238791
06/29/2007,1,180,322503
07/02/2007,1,162,189438
07/03/2007,1,117,186823
07/05/2007,1,139,251318
07/06/2007,1,161,294023
07/09/2007,1,170,156940
07/10/2007,1,205,394655
07/11/2007,1,205,327058
07/12/2007,1,183,360529
07/13/2007,1,157,318716
07/16/2007,1,166,293728
07/17/2007,1,144,243644
07/18/2007,1,188,349001
07/19/2007,1,177,346451
07/20/2007,1,233,623034
07/23/2007,1,169,199581
07/24/2007,1,218,484025
07/25/2007,1,249,443696
07/26/2007,1,268,765932
07/27/2007,1,292,686404
07/30/2007,1,281,562684
07/31/2007,1,271,569233
08/01/2007,1,372,792139
08/02/2007,1,236,440172
08/03/2007,1,340,571919
08/06/2007,1,352,517636
08/07/2007,1,276,486940
08/08/2007,1,252,501218
08/09/2007,1,316,641384
08/10/2007,1,295,900129
08/13/2007,1,244,494911
08/14/2007,1,244,608791
08/15/2007,1,304,730875
08/16/2007,1,372,1217925
08/17/2007,1,311,1097576
08/20/2007,1,255,312271
08/21/2007,1,239,266153
08/22/2007,1,278,347439
08/23/2007,1,226,443906
08/24/2007,1,192,384308
08/27/2007,1,249,290321
08/28/2007,1,236,431871
08/29/2007,1,248,306379
08/30/2007,1,194,260596
08/31/2007,1,226,243424
09/04/2007,1,244,213702
09/05/2007,1,223,329887
09/06/2007,1,175,141152
09/07/2007,1,250,402101
09/10/2007,1,290,355171
09/11/2007,1,211,273172
09/12/2007,1,192,233896
09/13/2007,1,221,361073
09/14/2007,1,202,222171
09/17/2007,1,205,478172
09/18/2007,1,320,529027
09/19/2007,1,316,456265
09/20/2007,1,231,422273
09/21/2007,1,195,374025
09/24/2007,1,227,161470
09/25/2007,1,154,212665
09/26/2007,1,188,117565
09/27/2007,1,160,141602
09/28/2007,1,188,308224
10/01/2007,1,233,302668
10/02/2007,1,193,252590
10/03/2007,1,225,279033
10/04/2007,1,169,200344
10/05/2007,1,265,466686
10/08/2007,1,189,174853
10/09/2007,1,204,255058
10/10/2007,1,198,223698
10/11/2007,1,238,452736
10/12/2007,1,168,248264
10/15/2007,1,219,363697
10/16/2007,1,237,396256
10/17/2007,1,252,501148
10/18/2007,1,188,340327
10/19/2007,1,239,905053
10/22/2007,1,345,548874
10/23/2007,1,291,327968
10/24/2007,1,346,639822
10/25/2007,1,225,454816
10/26/2007,1,202,322578
10/29/2007,1,197,240861
10/30/2007,1,209,372186
10/31/2007,1,268,559140
11/01/2007,1,307,756729
11/02/2007,1,308,583943
11/05/2007,1,319,486163
11/06/2007,1,256,480586
11/07/2007,1,323,731365
11/08/2007,1,395,1199864
11/09/2007,1,332,725319
11/12/2007,1,334,614607
11/13/2007,1,298,743339
11/14/2007,1,269,560239
11/15/2007,1,309,894349
11/16/2007,1,290,767072
11/19/2007,1,340,454700
11/20/2007,1,397,577604
11/21/2007,1,354,458794
11/23/2007,1,217,192513
11/26/2007,1,354,328308
11/27/2007,1,387,532946
11/28/2007,1,373,614469
11/29/2007,1,245,354338
11/30/2007,1,289,518677
12/03/2007,1,202,286136
12/04/2007,1,222,159223
12/05/2007,1,265,401217
12/06/2007,1,270,405822
12/07/2007,1,264,261560
12/10/2007,1,247,332638
12/11/2007,1,347,884496
12/12/2007,1,348,653943
12/13/2007,1,379,452447
12/14/2007,1,278,387113
12/17/2007,1,297,565977
12/18/2007,1,352,678798
12/19/2007,1,282,569329
12/20/2007,1,231,561278
12/21/2007,1,272,514199
12/24/2007,1,226,182056
12/26/2007,1,190,151379
12/27/2007,1,209,230844
12/28/2007,1,258,319873
12/31/2007,1,225,306120
01/02/2008,1,314,443463
01/03/2008,1,263,507358
01/04/2008,1,320,904864
01/07/2008,1,297,451504
01/08/2008,1,289,693524
01/09/2008,1,378,928952
01/10/2008,1,347,823767
01/11/2008,1,247,646652
01/14/2008,1,214,451357
01/15/2008,1,295,849598
01/16/2008,1,341,1194142
01/17/2008,1,443,1771648
01/18/2008,1,410,1447399
01/22/2008,1,517,1266933
01/23/2008,1,526,752317
01/24/2008,1,337,563141
01/25/2008,1,333,603082
01/28/2008,1,274,342293
01/29/2008,1,234,330475
01/30/2008,1,342,515066
01/31/2008,1,343,785631
02/01/2008,1,302,401227
02/04/2008,1,198,377838
02/05/2008,1,315,668098
02/06/2008,1,283,538799
02/07/2008,1,348,565165
02/08/2008,1,238,440196
02/11/2008,1,236,373567
02/12/2008,1,249,604706
02/13/2008,1,237,284059
02/14/2008,1,237,415162
02/15/2008,1,231,438653
02/19/2008,1,283,128245
02/20/2008,1,359,491801
02/21/2008,1,308,388362
02/22/2008,1,342,542427
02/25/2008,1,303,548131
02/26/2008,1,282,569864
02/27/2008,1,280,459272
02/28/2008,1,266,428259
02/29/2008,1,379,551653
03/03/2008,1,300,427291
03/04/2008,1,381,519652
03/05/2008,1,287,620112
03/06/2008,1,341,559200
03/07/2008,1,403,888253
03/10/2008,1,403,694281
03/11/2008,1,372,784605
03/12/2008,1,315,561829
03/13/2008,1,390,1003505
03/14/2008,1,560,1629315
03/17/2008,1,430,1119412
03/18/2008,1,435,888516
03/19/2008,1,379,1258218
03/20/2008,1,390,958108
03/24/2008,1,334,602904
03/25/2008,1,308,371169
03/26/2008,1,356,433165
03/27/2008,1,286,385631
03/28/2008,1,283,313399
03/31/2008,1,235,388597
04/01/2008,1,279,663785
04/02/2008,1,272,475165
04/03/2008,1,251,419763
04/04/2008,1,303,477108
04/07/2008,1,425,561765
04/08/2008,1,243,360590
04/09/2008,1,259,413000
04/10/2008,1,307,560418
04/11/2008,1,291,730244
04/14/2008,1,246,448168
04/15/2008,1,242,376300
04/16/2008,1,287,585194
04/17/2008,1,290,570208
04/18/2008,1,336,873938
04/21/2008,1,254,277615
04/22/2008,1,257,480369
04/23/2008,1,233,276437
04/24/2008,1,292,446867
04/25/2008,1,282,340081
04/28/2008,1,231,370558
04/29/2008,1,258,255769
04/30/2008,1,304,426462
05/01/2008,1,287,501482
05/02/2008,1,273,544005
05/05/2008,1,245,453267
05/06/2008,1,245,553237
05/07/2008,1,296,459846
05/08/2008,1,220,493277
05/09/2008,1,223,465549
05/12/2008,1,217,386124
05/13/2008,1,186,343971
05/14/2008,1,257,458615
05/15/2008,1,259,561202
05/16/2008,1,267,638828
05/19/2008,1,277,505222
05/20/2008,1,267,476987
05/21/2008,1,278,488951
05/22/2008,1,259,289995
05/23/2008,1,288,452410
05/27/2008,1,258,407050
05/28/2008,1,230,327804
05/29/2008,1,249,339238
05/30/2008,1,224,237240
06/02/2008,1,298,410659
06/03/2008,1,299,597544
06/04/2008,1,289,472262
06/05/2008,1,278,694802
06/06/2008,1,413,1239693
06/09/2008,1,265,584219
06/10/2008,1,260,598985
06/11/2008,1,340,920662
06/12/2008,1,282,689292
06/13/2008,1,253,604940
06/16/2008,1,271,361950
06/17/2008,1,213,532430
06/18/2008,1,319,676350
06/19/2008,1,282,816319
06/20/2008,1,337,1327640
06/23/2008,1,323,418277
06/24/2008,1,276,688199
06/25/2008,1,303,524101
06/26/2008,1,315,1107820
06/27/2008,1,297,743629
06/30/2008,1,276,1422953
07/01/2008,1,325,1117665
07/02/2008,1,369,730401
07/03/2008,1,264,650772
07/07/2008,1,316,942993
07/08/2008,1,319,935631
07/09/2008,1,263,750955
07/10/2008,1,266,979874
07/11/2008,1,330,1111509
07/14/2008,1,313,872474
07/15/2008,1,353,1336825
07/16/2008,1,299,901981
07/17/2008,1,307,911015
07/18/2008,1,234,533539
07/21/2008,1,239,367720
07/22/2008,1,245,437454
07/23/2008,1,317,535200
07/24/2008,1,228,517285
07/25/2008,1,190,385943
07/28/2008,1,252,581804
07/29/2008,1,239,344633
07/30/2008,1,242,577123
07/31/2008,1,241,512189
08/01/2008,1,215,535789
08/04/2008,1,193,387596
08/05/2008,1,278,496772
08/06/2008,1,225,479798
08/07/2008,1,219,518724
08/08/2008,1,260,643850
08/11/2008,1,273,481451
08/12/2008,1,232,541953
08/13/2008,1,233,736622
08/14/2008,1,241,718025
08/15/2008,1,210,432761
08/18/2008,1,236,376827
08/19/2008,1,260,361103
08/20/2008,1,222,310355
08/21/2008,1,223,390360
08/22/2008,1,229,353141
08/25/2008,1,237,409307
08/26/2008,1,229,363073
08/27/2008,1,198,418114
08/28/2008,1,234,475921
08/29/2008,1,246,432722
09/02/2008,1,209,432482
09/03/2008,1,239,627595
09/04/2008,1,378,894399
09/05/2008,1,306,761443
09/08/2008,1,304,668802
09/09/2008,1,247,548434
09/10/2008,1,279,737170
09/11/2008,1,299,918677
09/12/2008,1,276,754308
09/15/2008,1,376,1321555
09/16/2008,1,375,1476494
09/17/2008,1,383,1854994
09/18/2008,1,431,2000089
09/19/2008,1,401,1503164
09/22/2008,1,386,607336
09/23/2008,1,396,863851
09/24/2008,1,304,830945
09/25/2008,1,362,811276
09/26/2008,1,322,683055
09/29/2008,1,466,1776973
09/30/2008,1,422,892023
10/01/2008,1,359,694953
10/02/2008,1,383,1300049
10/03/2008,1,424,1099205
10/06/2008,1,490,2472429
10/07/2008,1,416,1268885
10/08/2008,1,477,1930415
10/09/2008,1,518,1410226
10/10/2008,1,381,1962953
10/13/2008,1,482,1037793
10/14/2008,1,473,914199
10/15/2008,1,462,1279042
10/16/2008,1,494,1646257
10/17/2008,1,419,1123422
10/20/2008,1,397,512277
10/21/2008,1,333,558256
10/22/2008,1,372,1156118
10/23/2008,1,475,1343044
10/24/2008,1,345,1029082
10/27/2008,1,329,859370
10/28/2008,1,360,724329
10/29/2008,1,322,643280
10/30/2008,1,373,472352
10/31/2008,1,352,540666
11/03/2008,1,304,392398
11/04/2008,1,373,865216
11/05/2008,1,372,701680
11/06/2008,1,358,1229139
11/07/2008,1,313,493996
11/10/2008,1,328,546614
11/11/2008,1,401,829488
11/12/2008,1,372,1501749
11/13/2008,1,436,1322954
11/14/2008,1,310,1377426
11/17/2008,1,364,812964
11/18/2008,1,393,1060539
11/19/2008,1,488,1542249
11/20/2008,1,461,2129542
11/21/2008,1,402,1901495
11/24/2008,1,431,816153
11/25/2008,1,350,526260
11/26/2008,1,341,587802
11/28/2008,1,253,219490
12/01/2008,1,387,690218
12/02/2008,1,333,586484
12/03/2008,1,309,831316
12/04/2008,1,352,713825
12/05/2008,1,343,892410
12/08/2008,1,361,829034
12/09/2008,1,335,771505
12/10/2008,1,285,662574
12/11/2008,1,350,642305
12/12/2008,1,357,742342
12/15/2008,1,338,672663
12/16/2008,1,367,859833
12/17/2008,1,345,668444
12/18/2008,1,397,767351
12/19/2008,1,387,619677
12/22/2008,1,299,333271
12/23/2008,1,287,329002
12/24/2008,1,223,100893
12/26/2008,1,235,122264
12/29/2008,1,273,318198
12/30/2008,1,309,252066
12/31/2008,1,329,453239
01/02/2009,1,299,613117
01/05/2009,1,244,240908
01/06/2009,1,259,350504
01/07/2009,1,255,431254
01/08/2009,1,232,173339
01/09/2009,1,228,131703
01/12/2009,1,288,332741
01/13/2009,1,250,265239
01/14/2009,1,350,592723
01/15/2009,1,353,555875
01/16/2009,1,305,422606
01/20/2009,1,359,628170
01/21/2009,1,333,607296
01/22/2009,1,309,833106
01/23/2009,1,276,547984
01/26/2009,1,298,727339
01/27/2009,1,274,386964
01/28/2009,1,331,613472
01/29/2009,1,262,510228
01/30/2009,1,306,903913
02/02/2009,1,283,473684
02/03/2009,1,262,457458
02/04/2009,1,283,699316
02/05/2009,1,289,778510
02/06/2009,1,323,862629
02/09/2009,1,281,467962
02/10/2009,1,309,1129505
02/11/2009,1,290,581209
02/12/2009,1,323,998795
02/13/2009,1,268,578896
02/17/2009,1,347,1014214
02/18/2009,1,323,744192
02/19/2009,1,336,918053
02/20/2009,1,529,1352504
02/23/2009,1,385,714210
02/24/2009,1,337,745218
02/25/2009,1,293,873956
02/26/2009,1,284,478714
02/27/2009,1,318,1002749
03/02/2009,1,405,1376948
03/03/2009,1,396,1127763
03/04/2009,1,347,664467
03/05/2009,1,363,1372037
03/06/2009,1,399,1079505
03/09/2009,1,336,841045
03/10/2009,1,376,854661
03/11/2009,1,335,708315
03/12/2009,1,344,1101568
03/13/2009,1,332,740935
03/16/2009,1,332,1041416
03/17/2009,1,318,924894
03/18/2009,1,384,1250325
03/19/2009,1,349,1266935
03/20/2009,1,344,1050988
03/23/2009,1,348,911863
03/24/2009,1,332,651950
03/25/2009,1,295,985001
03/26/2009,1,308,886873
03/27/2009,1,270,533627
03/30/2009,1,300,740095
03/31/2009,1,288,541247
04/01/2009,1,267,679555
04/02/2009,1,318,1026512
04/03/2009,1,262,673604
04/06/2009,1,256,569004
04/07/2009,1,257,643389
04/08/2009,1,264,643952
04/09/2009,1,281,773874
04/13/2009,1,261,610630
04/14/2009,1,272,734701
04/15/2009,1,245,786297
04/16/2009,1,295,864373
04/17/2009,1,290,873583
04/20/2009,1,291,727621
04/21/2009,1,288,837017
04/22/2009,1,270,653590
04/23/2009,1,248,546901
04/24/2009,1,299,690760
04/27/2009,1,240,570122
04/28/2009,1,248,532089
04/29/2009,1,300,624411
04/30/2009,1,333,643807
05/01/2009,1,300,704208
05/04/2009,1,352,704265
05/05/2009,1,292,504056
05/06/2009,1,344,827365
05/07/2009,1,322,1072850
05/08/2009,1,356,1201187
05/11/2009,1,302,812757
05/12/2009,1,270,865239
05/13/2009,1,289,968943
05/14/2009,1,279,842884
05/15/2009,1,304,912773
05/18/2009,1,323,587609
05/19/2009,1,344,511507
05/20/2009,1,336,763006
05/21/2009,1,301,841730
05/22/2009,1,306,590000
05/26/2009,1,331,611253
05/27/2009,1,296,610661
05/28/2009,1,271,587394
05/29/2009,1,305,568957
06/01/2009,1,351,949464
06/02/2009,1,300,599499
06/03/2009,1,284,559018
06/04/2009,1,259,508454
06/05/2009,1,320,780340
06/08/2009,1,336,749309
06/09/2009,1,276,508615
06/10/2009,1,291,562145
06/11/2009,1,288,767051
06/12/2009,1,262,582199
06/15/2009,1,302,1379941
06/16/2009,1,331,886600
06/17/2009,1,321,876255
06/18/2009,1,335,821186
06/19/2009,1,288,915660
06/22/2009,1,246,592460
06/23/2009,1,269,619469
06/24/2009,1,260,672925
06/25/2009,1,272,689866
06/26/2009,1,240,430019
06/29/2009,1,256,508816
06/30/2009,1,255,795680
07/01/2009,1,275,711628
07/02/2009,1,269,789991
07/06/2009,1,269,521114
07/07/2009,1,254,683478
07/08/2009,1,272,1112440
07/09/2009,1,241,747757
07/10/2009,1,224,707865
07/13/2009,1,279,953767
07/14/2009,1,233,648008
07/15/2009,1,283,1130632
07/16/2009,1,286,963293
07/17/2009,1,246,837657
07/20/2009,1,288,600318
07/21/2009,1,292,494288
07/22/2009,1,286,644004
07/23/2009,1,352,1737723
07/24/2009,1,307,698893
07/27/2009,1,290,474098
07/28/2009,1,290,568366
07/29/2009,1,264,644836
07/30/2009,1,323,899344
07/31/2009,1,280,647959
08/03/2009,1,329,771205
08/04/2009,1,334,598741
08/05/2009,1,279,656101
08/06/2009,1,306,641469
08/07/2009,1,347,1049619
08/10/2009,1,280,477747
08/11/2009,1,282,637626
08/12/2009,1,311,802445
08/13/2009,1,297,984874
08/14/2009,1,270,773348
08/17/2009,1,311,1059914
08/18/2009,1,284,996054
08/19/2009,1,309,931945
08/20/2009,1,313,879772
08/21/2009,1,341,921403
08/24/2009,1,372,640296
08/25/2009,1,351,694477
08/26/2009,1,342,634537
08/27/2009,1,315,799856
08/28/2009,1,323,676409
08/31/2009,1,312,644003
09/01/2009,1,365,1094821
09/02/2009,1,325,597242
09/03/2009,1,285,639685
09/04/2009,1,343,768857
09/08/2009,1,339,566018
09/09/2009,1,356,845668
09/10/2009,1,357,826549
09/11/2009,1,355,804319
09/14/2009,1,323,610792
09/15/2009,1,336,887136
09/16/2009,1,381,1134822
09/17/2009,1,365,1177938
09/18/2009,1,332,1371066
09/21/2009,1,300,453910
09/22/2009,1,293,394301
09/23/2009,1,333,791148
09/24/2009,1,324,832511
09/25/2009,1,291,661081
09/28/2009,1,295,557556
09/29/2009,1,264,556347
09/30/2009,1,314,907128
10/01/2009,1,295,1020616
10/02/2009,1,307,1057954
10/05/2009,1,270,461158
10/06/2009,1,293,848851
10/07/2009,1,230,551627
10/08/2009,1,302,707077
10/09/2009,1,240,502442
10/12/2009,1,271,614828
10/13/2009,1,227,502804
10/14/2009,1,303,906282
10/15/2009,1,284,697642
10/16/2009,1,293,756333
10/19/2009,1,329,689216
10/20/2009,1,289,1381719
10/21/2009,1,337,799451
10/22/2009,1,274,850407
10/23/2009,1,296,743145
10/26/2009,1,387,845828
10/27/2009,1,292,767553
10/28/2009,1,340,1113628
10/29/2009,1,289,878495
10/30/2009,1,365,1828132
11/02/2009,1,335,1128757
11/03/2009,1,284,698977
11/04/2009,1,309,954921
11/05/2009,1,310,749974
11/06/2009,1,298,849085
11/09/2009,1,343,1053533
11/10/2009,1,284,609294
11/11/2009,1,303,805592
11/12/2009,1,285,763013
11/13/2009,1,260,857441
11/16/2009,1,314,823959
11/17/2009,1,276,604364
11/18/2009,1,249,577762
11/19/2009,1,299,898578
11/20/2009,1,289,781876
11/23/2009,1,350,830445
11/24/2009,1,262,538246
11/25/2009,1,287,628080
11/27/2009,1,261,750738
11/30/2009,1,306,733495
12/01/2009,1,302,568871
12/02/2009,1,278,809709
12/03/2009,1,254,642199
12/04/2009,1,299,907255
12/07/2009,1,252,452391
12/08/2009,1,276,653543
12/09/2009,1,254,739764
12/10/2009,1,257,610493
12/11/2009,1,269,538864
12/14/2009,1,307,656933
12/15/2009,1,258,541568
12/16/2009,1,255,594490
12/17/2009,1,281,1465221
12/18/2009,1,276,1052297
12/21/2009,1,283,749792
12/22/2009,1,258,465051
12/23/2009,1,257,385972
12/24/2009,1,238,210110
12/28/2009,1,281,393696
12/29/2009,1,277,354587
12/30/2009,1,273,310736
12/31/2009,1,279,495043
01/04/2010,1,277,420947
01/05/2010,1,292,301145
01/06/2010,1,281,684868
01/07/2010,1,294,567403
01/08/2010,1,268,490448
01/11/2010,1,300,654826
01/12/2010,1,278,703869
01/13/2010,1,277,777051
01/14/2010,1,253,850072
01/15/2010,1,320,868994
01/19/2010,1,327,971102
01/20/2010,1,364,645650
01/21/2010,1,414,1084773
01/22/2010,1,377,1477983
01/25/2010,1,308,674365
01/26/2010,1,298,877483
01/27/2010,1,318,818623
01/28/2010,1,300,754995
01/29/2010,1,343,872742
02/01/2010,1,283,691348
02/02/2010,1,321,636200
02/03/2010,1,274,577871
02/04/2010,1,368,1353035
02/05/2010,1,421,2033232
02/08/2010,1,361,811518
02/09/2010,1,336,1069243
02/10/2010,1,278,850223
02/11/2010,1,310,911032
02/12/2010,1,288,918729
02/16/2010,1,323,795065
02/17/2010,1,290,868992
02/18/2010,1,313,980492
02/19/2010,1,318,1085976
02/22/2010,1,293,535054
02/23/2010,1,307,762779
02/24/2010,1,334,690442
02/25/2010,1,303,829921
02/26/2010,1,278,633648
03/01/2010,1,339,769841
03/02/2010,1,312,682504
03/03/2010,1,283,602254
03/04/2010,1,273,477956
03/05/2010,1,360,882950
03/08/2010,1,287,621112
03/09/2010,1,337,838074
03/10/2010,1,312,738297
03/11/2010,1,303,689596
03/12/2010,1,299,812996
03/15/2010,1,286,704174
03/16/2010,1,335,676640
03/17/2010,1,382,1197274
03/18/2010,1,309,880133
03/19/2010,1,319,986146
03/22/2010,1,308,791355
03/23/2010,1,309,675889
03/24/2010,1,285,598039
03/25/2010,1,350,864192
03/26/2010,1,316,791220
03/29/2010,1,291,576403
03/30/2010,1,268,696386
03/31/2010,1,313,791234
04/01/2010,1,289,716741
04/05/2010,1,304,630917
04/06/2010,1,282,557155
04/07/2010,1,312,784384
04/08/2010,1,264,722112
04/09/2010,1,269,743847
04/12/2010,1,272,625507
04/13/2010,1,287,1130086
04/14/2010,1,343,1046736
04/15/2010,1,336,877547
04/16/2010,1,375,2126637
04/19/2010,1,369,853456
04/20/2010,1,252,768630
04/21/2010,1,286,842331
04/22/2010,1,298,837400
04/23/2010,1,314,785747
04/26/2010,1,299,520964
04/27/2010,1,379,1233915
04/28/2010,1,336,1145281
04/29/2010,1,302,937865
04/30/2010,1,342,1227646
05/03/2010,1,362,792441
05/04/2010,1,400,2145388
05/05/2010,1,371,1848038
05/06/2010,1,586,3625069
05/07/2010,1,568,3428897
05/10/2010,1,474,1712426
05/11/2010,1,410,1313707
05/12/2010,1,362,1208196
05/13/2010,1,335,1012656
05/14/2010,1,458,2731144
05/17/2010,1,434,1185062
05/18/2010,1,404,1649301
05/19/2010,1,453,2135950
05/20/2010,1,540,3633219
05/21/2010,1,502,2998200
05/24/2010,1,456,964474
05/25/2010,1,508,1979356
05/26/2010,1,416,1629981
05/27/2010,1,433,1146759
05/28/2010,1,357,1115562
06/01/2010,1,382,769627
06/02/2010,1,374,904995
06/03/2010,1,378,1154172
06/04/2010,1,442,1337910
06/07/2010,1,446,1237445
06/08/2010,1,456,1542191
06/09/2010,1,455,998965
06/10/2010,1,418,1305104
06/11/2010,1,351,1028799
06/14/2010,1,392,908753
06/15/2010,1,426,1317680
06/16/2010,1,368,1194840
06/17/2010,1,367,1209364
06/18/2010,1,392,804126
06/21/2010,1,402,806391
06/22/2010,1,357,1107208
06/23/2010,1,392,842938
06/24/2010,1,405,986523
06/25/2010,1,371,1078630
06/28/2010,1,333,477881
06/29/2010,1,483,1898186
06/30/2010,1,423,1019746
07/01/2010,1,488,2073055
07/02/2010,1,417,983488
07/06/2010,1,381,1156374
07/07/2010,1,423,1272231
07/08/2010,1,408,945414
07/09/2010,1,363,856241
07/12/2010,1,323,659794
07/13/2010,1,348,1139756
07/14/2010,1,352,1025154
07/15/2010,1,366,1212386
07/16/2010,1,376,1890507
07/19/2010,1,329,828851
07/20/2010,1,357,890584
07/21/2010,1,340,955376
07/22/2010,1,417,1020162
07/23/2010,1,363,853818
07/26/2010,1,358,632887
07/27/2010,1,364,566873
07/28/2010,1,327,705976
07/29/2010,1,360,1017021
07/30/2010,1,353,930623
08/02/2010,1,389,818295
08/03/2010,1,317,772400
08/04/2010,1,300,578514
08/05/2010,1,311,677138
08/06/2010,1,361,1460780
08/09/2010,1,329,497860
08/10/2010,1,314,902622
08/11/2010,1,396,1527248
08/12/2010,1,349,1097445
08/13/2010,1,326,1022064
08/16/2010,1,344,1028824
08/17/2010,1,342,1122511
08/18/2010,1,301,836315
08/19/2010,1,375,1498972
08/20/2010,1,363,1325958
08/23/2010,1,374,813470
08/24/2010,1,468,1527526
08/25/2010,1,403,1209323
08/26/2010,1,421,1031165
08/27/2010,1,443,1255135
08/30/2010,1,368,663268
08/31/2010,1,405,863389
09/01/2010,1,438,1214929
09/02/2010,1,392,1040154
09/03/2010,1,450,1221580
09/07/2010,1,359,1043460
09/08/2010,1,346,843521
09/09/2010,1,368,895262
09/10/2010,1,359,1000950
09/13/2010,1,410,896518
09/14/2010,1,383,910056
09/15/2010,1,345,972393
09/16/2010,1,380,1318533
09/17/2010,1,441,1512518
09/20/2010,1,506,1371943
09/21/2010,1,393,1304571
09/22/2010,1,355,1167086
09/23/2010,1,365,1029792
09/24/2010,1,393,1228850
09/27/2010,1,310,822809
09/28/2010,1,342,998402
09/29/2010,1,325,878303
09/30/2010,1,444,1488728
10/01/2010,1,343,1054215
10/04/2010,1,344,1006923
10/05/2010,1,401,1397279
10/06/2010,1,378,1173328
10/07/2010,1,329,1134819
10/08/2010,1,372,1083052
10/11/2010,1,351,831302
10/12/2010,1,346,1347538
10/13/2010,1,403,1654433
10/14/2010,1,373,1409431
10/15/2010,1,372,1506370
10/18/2010,1,356,888501
10/19/2010,1,350,1155513
10/20/2010,1,340,913906
10/21/2010,1,416,1415462
10/22/2010,1,332,767247
10/25/2010,1,355,874383
10/26/2010,1,308,1077250
10/27/2010,1,336,1024397
10/28/2010,1,343,1191613
10/29/2010,1,304,1168973
11/01/2010,1,388,1198904
11/02/2010,1,334,1039364
11/03/2010,1,417,1474978
11/04/2010,1,463,1553061
11/05/2010,1,417,1200154
11/08/2010,1,348,863112
11/09/2010,1,413,1146377
11/10/2010,1,329,1245863
11/11/2010,1,354,1045113
11/12/2010,1,405,1938920
11/15/2010,1,331,1007587
11/16/2010,1,414,1919390
11/17/2010,1,309,1161952
11/18/2010,1,364,1409214
11/19/2010,1,323,1092862
11/22/2010,1,378,808210
11/23/2010,1,353,1091387
11/24/2010,1,336,927581
11/26/2010,1,314,558846
11/29/2010,1,400,1068187
11/30/2010,1,390,919634
12/01/2010,1,396,1073363
12/02/2010,1,465,1477469
12/03/2010,1,390,1108669
12/06/2010,1,378,629141
12/07/2010,1,412,1151670
12/08/2010,1,312,794499
12/09/2010,1,321,707944
12/10/2010,1,365,902274
12/13/2010,1,402,835165
12/14/2010,1,359,1586010
12/15/2010,1,374,955627
12/16/2010,1,379,1962581
12/17/2010,1,373,1063094
12/20/2010,1,426,839882
12/21/2010,1,417,711909
12/22/2010,1,379,667145
12/23/2010,1,408,1033845
12/27/2010,1,313,492874
12/28/2010,1,332,466499
12/29/2010,1,340,516379
12/30/2010,1,381,567177
12/31/2010,1,327,727258
01/03/2011,1,423,981613
01/04/2011,1,347,795474
01/05/2011,1,377,771900
01/06/2011,1,399,1008466
01/07/2011,1,401,1754794
01/10/2011,1,304,749353
01/11/2011,1,343,640660
01/12/2011,1,390,1312483
01/13/2011,1,357,897584
01/14/2011,1,388,1093306
01/18/2011,1,332,1725359
01/19/2011,1,399,1302267
01/20/2011,1,372,1328843
01/21/2011,1,407,1438700
01/24/2011,1,350,748693
01/25/2011,1,368,1347493
01/26/2011,1,364,1037800
01/27/2011,1,355,1428738
01/28/2011,1,470,2614614
01/31/2011,1,360,897285
02/01/2011,1,444,1830936
02/02/2011,1,355,975371
02/03/2011,1,346,1562577
02/04/2011,1,369,1059517
02/07/2011,1,401,939198
02/08/2011,1,374,704216
02/09/2011,1,359,1362481
02/10/2011,1,336,1332341
02/11/2011,1,368,1232559
02/14/2011,1,359,736341
02/15/2011,1,373,1349569
02/16/2011,1,416,1518543
02/17/2011,1,377,1410893
02/18/2011,1,414,1973940
02/22/2011,1,458,1723415
02/23/2011,1,445,1951773
02/24/2011,1,449,1688758
02/25/2011,1,429,1501242
02/28/2011,1,401,811880
03/01/2011,1,447,1516442
03/02/2011,1,397,1190489
03/03/2011,1,419,1345738
03/04/2011,1,438,1662396
03/07/2011,1,446,1298571
03/08/2011,1,454,1040865
03/09/2011,1,383,929127
03/10/2011,1,484,2228176
03/11/2011,1,420,1516559
03/14/2011,1,454,1489751
03/15/2011,1,495,2906338
03/16/2011,1,560,3751209
03/17/2011,1,480,2086197
03/18/2011,1,453,1961436
03/21/2011,1,467,1059705
03/22/2011,1,403,931640
03/23/2011,1,430,1061513
03/24/2011,1,430,1463020
03/25/2011,1,410,1717003
03/28/2011,1,406,1418273
03/29/2011,1,379,897278
03/30/2011,1,389,1044560
03/31/2011,1,350,1177156
04/01/2011,1,429,1432976
04/04/2011,1,321,1160017
04/05/2011,1,346,800874
04/06/2011,1,323,3267031
04/07/2011,1,417,1176871
04/08/2011,1,351,1439516
04/11/2011,1,336,1145949
04/12/2011,1,370,2047836
04/13/2011,1,342,1045867
04/14/2011,1,353,1538294
04/15/2011,1,374,1834554
04/18/2011,1,441,1604837
04/19/2011,1,395,925933
04/20/2011,1,409,1488449
04/21/2011,1,402,1129490
04/25/2011,1,340,538888
04/26/2011,1,424,1084246
04/27/2011,1,440,1159920
04/28/2011,1,405,1047218
04/29/2011,1,390,1316704
05/02/2011,1,459,1332898
05/03/2011,1,418,1110210
05/04/2011,1,412,1538886
05/05/2011,1,447,1891534
05/06/2011,1,457,2088028
05/09/2011,1,332,740939
05/10/2011,1,367,925523
05/11/2011,1,385,1167991
05/12/2011,1,372,1301135
05/13/2011,1,359,1265788
05/16/2011,1,350,1063011
05/17/2011,1,386,1691059
05/18/2011,1,386,1058345
05/19/2011,1,378,1212105
05/20/2011,1,423,2102451
05/23/2011,1,433,1408682
05/24/2011,1,381,933973
05/25/2011,1,377,1491770
05/26/2011,1,365,1244827
05/27/2011,1,406,1138695
05/31/2011,1,399,1194480
06/01/2011,1,440,1833878
06/02/2011,1,436,2261355
06/03/2011,1,460,1846511
06/06/2011,1,428,1414602
06/07/2011,1,370,1306071
06/08/2011,1,424,1684547
06/09/2011,1,383,1192453
06/10/2011,1,442,2336700
06/13/2011,1,394,1345162
06/14/2011,1,387,1210412
06/15/2011,1,413,2481315
06/16/2011,1,494,2721806
06/17/2011,1,436,2322694
06/20/2011,1,489,1175737
06/21/2011,1,461,2190013
06/22/2011,1,372,1300322
06/23/2011,1,491,2998828
06/24/2011,1,431,1646981
06/27/2011,1,386,1430898
06/28/2011,1,412,1686222
06/29/2011,1,410,2673081
06/30/2011,1,464,2717169
07/01/2011,1,518,2108126
07/05/2011,1,426,1338886
07/06/2011,1,364,1220191
07/07/2011,1,436,2212080
07/08/2011,1,404,1872846
07/11/2011,1,416,2200735
07/12/2011,1,404,1787160
07/13/2011,1,422,1732056
07/14/2011,1,442,2828992
07/15/2011,1,394,2518956
07/18/2011,1,463,1500366
07/19/2011,1,384,1368109
07/20/2011,1,342,1064372
07/21/2011,1,460,1765104
07/22/2011,1,392,1190448
07/25/2011,1,391,1352450
07/26/2011,1,382,1059588
07/27/2011,1,482,3106887
07/28/2011,1,481,1984726
07/29/2011,1,537,2864649
08/01/2011,1,532,2596824
08/02/2011,1,513,3007134
08/03/2011,1,581,4028974
08/04/2011,1,677,5805637
08/05/2011,1,702,5173440
08/08/2011,1,760,5944839
08/09/2011,1,714,4742528
08/10/2011,1,657,4113631
08/11/2011,1,632,3075877
08/12/2011,1,588,2332440
08/15/2011,1,538,2084212
08/16/2011,1,558,1841807
08/17/2011,1,550,2332721
08/18/2011,1,650,4169942
08/19/2011,1,600,4062269
08/22/2011,1,574,1652567
08/23/2011,1,562,1969184
08/24/2011,1,527,1836519
08/25/2011,1,537,2298254
08/26/2011,1,585,2886657
08/29/2011,1,528,1516128
08/30/2011,1,509,1605264
08/31/2011,1,592,2190211
09/01/2011,1,571,1741091
09/02/2011,1,528,2436154
09/06/2011,1,571,2425139
09/07/2011,1,491,1767364
09/08/2011,1,449,1820661
09/09/2011,1,579,4082634
09/12/2011,1,539,2409060
09/13/2011,1,492,1910455
09/14/2011,1,517,2296089
09/15/2011,1,513,2468955
09/16/2011,1,511,2918855
09/19/2011,1,420,1783701
09/20/2011,1,440,1960240
09/21/2011,1,459,1947977
09/22/2011,1,600,3666798
09/23/2011,1,542,2584267
09/26/2011,1,493,1329620
09/27/2011,1,505,3424591
09/28/2011,1,448,1925234
09/29/2011,1,491,2056826
09/30/2011,1,525,2302312
10/03/2011,1,663,2353463
10/04/2011,1,619,3907804
10/05/2011,1,505,1891768
10/06/2011,1,552,2503148
10/07/2011,1,528,2406738
10/10/2011,1,482,2006994
10/11/2011,1,423,1453417
10/12/2011,1,509,2856191
10/13/2011,1,427,1645437
10/14/2011,1,429,1964567
10/17/2011,1,446,1477022
10/18/2011,1,460,2281759
10/19/2011,1,426,1763289
10/20/2011,1,418,2970389
10/21/2011,1,472,2193811
10/24/2011,1,510,1429388
10/25/2011,1,502,1524939
10/26/2011,1,515,1479154
10/27/2011,1,632,3450416
10/28/2011,1,459,1464235
10/31/2011,1,458,1599196
11/01/2011,1,606,3410881
11/02/2011,1,507,1279574
11/03/2011,1,589,1703207
11/04/2011,1,443,1770947
11/07/2011,1,449,1219277
11/08/2011,1,532,2346013
11/09/2011,1,546,3014343
11/10/2011,1,492,1816253
11/11/2011,1,492,1690150
11/14/2011,1,485,1417870
11/15/2011,1,455,1713800
11/16/2011,1,465,1976991
11/17/2011,1,545,3151713
11/18/2011,1,495,2083812
11/21/2011,1,545,2126846
11/22/2011,1,487,1386518
11/23/2011,1,546,2048205
11/25/2011,1,447,922096
11/28/2011,1,505,1281126
11/29/2011,1,484,1203442
11/30/2011,1,563,2063710
12/01/2011,1,463,1503902
12/02/2011,1,496,1652847
12/05/2011,1,487,1374855
12/06/2011,1,435,1133586
12/07/2011,1,503,1174412
12/08/2011,1,495,1640173
12/09/2011,1,503,1784321
12/12/2011,1,454,1148945
12/13/2011,1,491,1550083
12/14/2011,1,455,1703666
12/15/2011,1,416,1538981
12/16/2011,1,456,1989372
12/19/2011,1,489,1422994
12/20/2011,1,481,1198367
12/21/2011,1,478,980141
12/22/2011,1,502,926347
12/23/2011,1,497,834309
12/27/2011,1,378,623939
12/28/2011,1,414,770816
12/29/2011,1,383,817190
12/30/2011,1,412,887519
01/03/2012,1,488,1082643
01/04/2012,1,429,813185
01/05/2012,1,435,960163
01/06/2012,1,439,1039229
01/09/2012,1,450,731634
01/10/2012,1,470,1373383
01/11/2012,1,421,957368
01/12/2012,1,430,923179
01/13/2012,1,448,1540244
01/17/2012,1,530,1154135
01/18/2012,1,484,975374
01/19/2012,1,502,1412821
01/20/2012,1,465,1394917
01/23/2012,1,509,1131932
01/24/2012,1,419,1285756
01/25/2012,1,468,1240399
01/26/2012,1,490,1400061
01/27/2012,1,458,1225786
01/30/2012,1,449,1003627
01/31/2012,1,420,947552
02/01/2012,1,524,1373533
02/02/2012,1,473,909260
02/03/2012,1,575,1794167
02/06/2012,1,468,817526
02/07/2012,1,479,1216149
02/08/2012,1,457,1339110
02/09/2012,1,439,1258491
02/10/2012,1,547,2439911
02/13/2012,1,408,1273185
02/14/2012,1,458,1600353
02/15/2012,1,454,1635549
02/16/2012,1,505,1423223
02/17/2012,1,512,1782083
02/21/2012,1,470,1017703
02/22/2012,1,402,973439
02/23/2012,1,499,938690
02/24/2012,1,505,1441082
02/27/2012,1,472,938777
02/28/2012,1,433,1052127
02/29/2012,1,493,1246813
03/01/2012,1,461,1418392
03/02/2012,1,424,1217257
03/05/2012,1,410,1096886
03/06/2012,1,506,2067258
03/07/2012,1,430,1064264
03/08/2012,1,449,1349921
03/09/2012,1,483,1408687
03/12/2012,1,440,1296546
03/13/2012,1,544,1687565
03/14/2012,1,490,1595055
03/15/2012,1,491,1515638
03/16/2012,1,471,1725820
03/19/2012,1,510,1518570
03/20/2012,1,451,1107783
03/21/2012,1,442,1467689
03/22/2012,1,473,1680109
03/23/2012,1,455,1629401
03/26/2012,1,480,1166054
03/27/2012,1,463,1219707
03/28/2012,1,423,1519302
03/29/2012,1,441,1648570
03/30/2012,1,419,1622917
04/02/2012,1,452,1050575
04/03/2012,1,386,981110
04/04/2012,1,434,1946400
04/05/2012,1,368,1298428
04/09/2012,1,433,1260501
04/10/2012,1,531,2574448
04/11/2012,1,413,1365829
04/12/2012,1,402,1488122
04/13/2012,1,378,1363752
04/16/2012,1,387,1559731
04/17/2012,1,389,1490220
04/18/2012,1,371,1242072
04/19/2012,1,362,2073093
04/20/2012,1,380,1402971
04/23/2012,1,411,1225263
04/24/2012,1,370,646644
04/25/2012,1,438,1059522
04/26/2012,1,447,1377976
04/27/2012,1,440,1424323
04/30/2012,1,414,815496
05/01/2012,1,459,1046372
05/02/2012,1,364,1070605
05/03/2012,1,445,1312806
05/04/2012,1,498,1907282
05/07/2012,1,432,1129322
05/08/2012,1,467,2257511
05/09/2012,1,508,1935661
05/10/2012,1,394,1133893
05/11/2012,1,406,1498657
05/14/2012,1,468,1821931
05/15/2012,1,485,1538858
05/16/2012,1,518,2080868
05/17/2012,1,573,3482871
05/18/2012,1,627,3190346
05/21/2012,1,552,1295994
05/22/2012,1,530,1477922
05/23/2012,1,570,1642872
05/24/2012,1,484,1273219
05/25/2012,1,455,1205604
05/29/2012,1,519,1076728
05/30/2012,1,425,1200243
05/31/2012,1,501,1553390
06/01/2012,1,654,2615408
06/04/2012,1,567,1491255
06/05/2012,1,526,1244465
06/06/2012,1,561,1976193
06/07/2012,1,542,2008954
06/08/2012,1,489,1331077
06/11/2012,1,460,1253168
06/12/2012,1,503,1495193
06/13/2012,1,453,1772935
06/14/2012,1,502,1719842
06/15/2012,1,537,2116422
06/18/2012,1,534,1348951
06/19/2012,1,551,1970499
06/20/2012,1,497,1896957
06/21/2012,1,539,2154740
06/22/2012,1,456,1440325
06/25/2012,1,453,1510395
06/26/2012,1,402,1070437
06/27/2012,1,414,1032951
06/28/2012,1,429,1555756
06/29/2012,1,567,2067479
07/02/2012,1,479,1011178
07/03/2012,1,406,1007263
07/05/2012,1,444,1051570
07/06/2012,1,459,1479752
07/09/2012,1,393,990595
07/10/2012,1,462,1539262
07/11/2012,1,383,1139269
07/12/2012,1,393,1405935
07/13/2012,1,458,1359115
07/16/2012,1,368,779047
07/17/2012,1,457,1231305
07/18/2012,1,466,1455404
07/19/2012,1,447,1423701
07/20/2012,1,445,1695239
07/23/2012,1,550,1453341
07/24/2012,1,511,1317494
07/25/2012,1,527,894192
07/26/2012,1,481,1414203
07/27/2012,1,587,2237072
07/30/2012,1,431,1004840
07/31/2012,1,455,991480
08/01/2012,1,423,1214642
08/02/2012,1,475,1780488
08/03/2012,1,612,1810627
08/06/2012,1,480,912927
08/07/2012,1,505,1051879
08/08/2012,1,428,903333
08/09/2012,1,462,1040748
08/10/2012,1,427,1108006
08/13/2012,1,443,847487
08/14/2012,1,463,877745
08/15/2012,1,410,842088
08/16/2012,1,517,1390029
08/17/2012,1,509,1344210
08/20/2012,1,495,999181
08/21/2012,1,545,1268374
08/22/2012,1,495,1204349
08/23/2012,1,499,1236584
08/24/2012,1,447,1232292
08/27/2012,1,418,815891
08/28/2012,1,445,643510
08/29/2012,1,406,697306
08/30/2012,1,477,1126100
08/31/2012,1,557,1290819
09/04/2012,1,498,772600
09/05/2012,1,474,834821
09/06/2012,1,618,1764189
09/07/2012,1,563,1268236
09/10/2012,1,523,1069755
09/11/2012,1,437,1052403
09/12/2012,1,467,928178
09/13/2012,1,603,2508089
09/14/2012,1,629,2053079
09/17/2012,1,456,1007039
09/18/2012,1,467,945146
09/19/2012,1,466,1011900
09/20/2012,1,473,1309515
09/21/2012,1,488,1535801
09/24/2012,1,466,760195
09/25/2012,1,523,1260203
09/26/2012,1,505,1478175
09/27/2012,1,512,1066470
09/28/2012,1,512,1771804
10/01/2012,1,474,1074205
10/02/2012,1,462,904749
10/03/2012,1,397,845226
10/04/2012,1,449,1127353
10/05/2012,1,483,1557252
10/08/2012,1,362,645877
10/09/2012,1,434,1232735
10/10/2012,1,422,1307735
10/11/2012,1,422,983108
10/12/2012,1,399,1426938
10/15/2012,1,421,980354
10/16/2012,1,439,1228602
10/17/2012,1,459,1053564
10/18/2012,1,438,1344638
10/19/2012,1,556,2554120
10/22/2012,1,552,1320224
10/23/2012,1,584,1906122
10/24/2012,1,494,1453690
10/25/2012,1,508,1414193
10/26/2012,1,553,1436020
10/31/2012,1,412,1004660
11/01/2012,1,470,1263530
11/02/2012,1,478,1632968
11/05/2012,1,429,1153248
11/06/2012,1,455,1337562
11/07/2012,1,549,2804083
11/08/2012,1,532,2518234
11/09/2012,1,594,2159679
11/12/2012,1,484,1204216
11/13/2012,1,454,1428077
11/14/2012,1,576,2178551
11/15/2012,1,617,2548240
11/16/2012,1,646,2547745
11/19/2012,1,545,1081735
11/20/2012,1,505,1059943
11/21/2012,1,512,884350
11/23/2012,1,500,876113
11/26/2012,1,512,932775
11/27/2012,1,496,948282
11/28/2012,1,535,1283821
11/29/2012,1,545,1543502
11/30/2012,1,492,1928212
12/03/2012,1,536,998750
12/04/2012,1,484,1257011
12/05/2012,1,508,1190693
12/06/2012,1,463,953407
12/07/2012,1,461,1072853
12/10/2012,1,488,756426
12/11/2012,1,614,1461581
12/12/2012,1,530,1060275
12/13/2012,1,548,1198364
12/14/2012,1,493,1319914
12/17/2012,1,483,1205771
12/18/2012,1,577,2000236
12/19/2012,1,581,1560356
12/20/2012,1,510,1337798
12/21/2012,1,636,2533869
12/24/2012,1,464,546551
12/26/2012,1,541,741851
12/27/2012,1,672,1949017
12/28/2012,1,587,1484312
12/31/2012,1,605,2344629
01/02/2013,1,626,1746843
01/03/2013,1,568,1412623
01/04/2013,1,554,1413476
01/07/2013,1,501,696472
01/08/2013,1,461,981077
01/09/2013,1,438,760715
01/10/2013,1,509,1095720
01/11/2013,1,499,1219782
01/14/2013,1,450,779623
01/15/2013,1,430,818074
01/16/2013,1,477,880228
01/17/2013,1,569,1184418
01/18/2013,1,578,1548467
01/22/2013,1,594,1062717
01/23/2013,1,567,1104524
01/24/2013,1,641,1457238
01/25/2013,1,558,1274513
01/28/2013,1,522,893462
01/29/2013,1,587,999993
01/30/2013,1,560,1120004
01/31/2013,1,523,1224765
02/01/2013,1,616,1842735
02/04/2013,1,549,1226969
02/05/2013,1,504,1151503
02/06/2013,1,466,1116372
02/07/2013,1,577,1188470
02/08/2013,1,555,1111544
02/11/2013,1,483,861028
02/12/2013,1,496,1431628
02/13/2013,1,540,1350988
02/14/2013,1,492,1226365
02/15/2013,1,587,2048644
02/19/2013,1,651,1084630
02/20/2013,1,548,1892989
02/21/2013,1,626,2185645
02/22/2013,1,513,2104626
02/25/2013,1,657,2844304
02/26/2013,1,554,2427850
02/27/2013,1,520,1727215
02/28/2013,1,526,1280103
03/01/2013,1,536,1950566
03/04/2013,1,474,1183913
03/05/2013,1,616,1902338
03/06/2013,1,507,1294297
03/07/2013,1,535,1242011
03/08/2013,1,564,1911602
03/11/2013,1,519,1364400
03/12/2013,1,544,1364451
03/13/2013,1,447,836141
03/14/2013,1,512,1244255
03/15/2013,1,511,1520238
03/18/2013,1,577,1525581
03/19/2013,1,618,1778046
03/20/2013,1,558,1464162
03/21/2013,1,574,1341538
03/22/2013,1,505,1394978
03/25/2013,1,585,1857912
03/26/2013,1,540,1186547
03/27/2013,1,513,1300177
03/28/2013,1,582,1408696
04/01/2013,1,529,1273027
04/02/2013,1,548,1353425
04/03/2013,1,629,1611567
04/04/2013,1,588,1446461
04/05/2013,1,581,2156279
04/08/2013,1,518,1215178
04/09/2013,1,499,1169061
04/10/2013,1,643,1907614
04/11/2013,1,639,1746381
04/12/2013,1,520,1440561
04/15/2013,1,669,2798495
04/16/2013,1,585,1277298
04/17/2013,1,652,2749828
04/18/2013,1,635,2400932
04/19/2013,1,557,2149978
04/22/2013,1,584,1115790
04/23/2013,1,638,1679656
04/24/2013,1,507,1212449
04/25/2013,1,603,1893144
04/26/2013,1,586,1250821
04/29/2013,1,615,1024108
04/30/2013,1,638,1159884
05/01/2013,1,558,1317640
05/02/2013,1,574,1181277
05/03/2013,1,702,1874427
05/06/2013,1,631,777162
05/07/2013,1,598,1073416
05/08/2013,1,617,1314975
05/09/2013,1,640,1650837
05/10/2013,1,611,1306619
05/13/2013,1,590,951487
05/14/2013,1,728,1730487
05/15/2013,1,708,1964342
05/16/2013,1,703,1627000
05/17/2013,1,697,2309630
05/20/2013,1,690,1310508
05/21/2013,1,643,1283238
05/22/2013,1,751,2626865
05/23/2013,1,648,2070679
05/24/2013,1,584,1189644
05/28/2013,1,656,1705411
05/29/2013,1,572,1228352
05/30/2013,1,550,1177930
05/31/2013,1,616,2092220
06/03/2013,1,611,1585989
06/04/2013,1,565,1311248
06/05/2013,1,649,2425859
06/06/2013,1,625,2379749
06/07/2013,1,557,2271483
06/10/2013,1,500,984965
06/11/2013,1,547,1211085
06/12/2013,1,568,2066574
06/13/2013,1,579,1583710
06/14/2013,1,552,1434024
06/17/2013,1,546,1374456
06/18/2013,1,519,1233653
06/19/2013,1,585,1995328
06/20/2013,1,777,4824706
06/21/2013,1,757,3154944
06/24/2013,1,769,2097552
06/25/2013,1,575,1304759
06/26/2013,1,566,1265970
06/27/2013,1,580,1599733
06/28/2013,1,583,1477619
07/01/2013,1,542,1012429
07/02/2013,1,560,1210899
07/03/2013,1,445,921455
07/05/2013,1,548,1443076
07/08/2013,1,576,1334319
07/09/2013,1,559,1369226
07/10/2013,1,495,1371889
07/11/2013,1,630,2120707
07/12/2013,1,551,1424650
07/15/2013,1,534,1103875
07/16/2013,1,511,1142165
07/17/2013,1,513,1147219
07/18/2013,1,621,1218884
07/19/2013,1,555,1206709
07/22/2013,1,564,932270
07/23/2013,1,592,1205044
07/24/2013,1,545,1575381
07/25/2013,1,565,984089
07/26/2013,1,595,1346439
07/29/2013,1,524,651405
07/30/2013,1,526,733123
07/31/2013,1,574,1425424
08/01/2013,1,653,1446156
08/02/2013,1,613,1127753
08/05/2013,1,534,910898
08/06/2013,1,556,1009738
08/07/2013,1,526,1223877
08/08/2013,1,519,888939
08/09/2013,1,546,1401533
08/12/2013,1,494,689595
08/13/2013,1,542,830005
08/14/2013,1,497,828190
08/15/2013,1,689,2387232
08/16/2013,1,626,1736445
08/19/2013,1,612,936665
08/20/2013,1,493,769059
08/21/2013,1,615,1531203
08/22/2013,1,535,857897
08/23/2013,1,571,799454
08/26/2013,1,571,715944
08/27/2013,1,619,1874240
08/28/2013,1,556,955079
08/29/2013,1,563,959298
08/30/2013,1,651,1659880
09/03/2013,1,581,787473
09/04/2013,1,576,898470
09/05/2013,1,530,762795
09/06/2013,1,651,1613263
09/09/2013,1,557,937262
09/10/2013,1,587,1293000
09/11/2013,1,570,943461
09/12/2013,1,574,1160912
09/13/2013,1,605,1052747
09/16/2013,1,649,1203615
09/17/2013,1,572,847764
09/18/2013,1,659,2719547
09/19/2013,1,652,1423306
09/20/2013,1,659,1915936
09/23/2013,1,609,1167912
09/24/2013,1,598,883985
09/25/2013,1,556,997628
09/26/2013,1,574,944151
09/27/2013,1,680,1924837
09/30/2013,1,675,2045809
10/01/2013,1,663,1050351
10/02/2013,1,557,1108313
10/03/2013,1,676,2005312
10/04/2013,1,568,1455204
10/07/2013,1,638,1410179
10/08/2013,1,727,2473136
10/09/2013,1,690,2076652
10/10/2013,1,656,2357365
10/11/2013,1,687,1673324
10/14/2013,1,661,1345014
10/15/2013,1,663,2054220
10/16/2013,1,727,1962827
10/17/2013,1,690,1754069
10/18/2013,1,775,1806835
10/21/2013,1,698,966888
10/22/2013,1,724,1501143
10/23/2013,1,636,907984
10/24/2013,1,602,1052182
10/25/2013,1,669,1076243
10/28/2013,1,603,793131
10/29/2013,1,598,1027325
10/30/2013,1,617,1712787
10/31/2013,1,624,1221190
11/01/2013,1,621,1272709
11/04/2013,1,548,1003663
11/05/2013,1,603,932705
11/06/2013,1,586,980785
11/07/2013,1,667,2222794
11/08/2013,1,662,1536227
11/11/2013,1,581,940273
11/12/2013,1,573,1034566
11/13/2013,1,604,1209941
11/14/2013,1,676,1444511
11/15/2013,1,699,1341352
11/18/2013,1,630,1268473
11/19/2013,1,638,1165755
11/20/2013,1,647,1291862
11/21/2013,1,603,990033
11/22/2013,1,638,969881
11/25/2013,1,587,882942
11/26/2013,1,632,620966
11/27/2013,1,578,734149
11/29/2013,1,544,575375
12/02/2013,1,554,821693
12/03/2013,1,611,1324795
12/04/2013,1,626,1182817
12/05/2013,1,543,1146941
12/06/2013,1,608,1262067
12/09/2013,1,504,612899
12/10/2013,1,481,685906
12/11/2013,1,584,1368090
12/12/2013,1,661,1155520
12/13/2013,1,549,1084078
12/16/2013,1,517,868673
12/17/2013,1,546,1105647
12/18/2013,1,753,1846102
12/19/2013,1,641,1707539
12/20/2013,1,734,1681895
12/23/2013,1,652,826455
12/24/2013,1,487,632565
12/26/2013,1,657,785625
12/27/2013,1,629,958887
12/30/2013,1,628,682701
12/31/2013,1,637,1043736
01/02/2014,1,706,1249551
01/03/2014,1,611,950571
01/06/2014,1,611,868857
01/07/2014,1,679,721307
01/08/2014,1,551,780825
01/09/2014,1,572,1026608
01/10/2014,1,582,1253306
01/13/2014,1,670,1350330
01/14/2014,1,562,1083192
01/15/2014,1,603,1446279
01/16/2014,1,581,977804
01/17/2014,1,637,1331342
01/21/2014,1,647,804068
01/22/2014,1,643,795221
01/23/2014,1,796,1583250
01/24/2014,1,860,2801277
01/27/2014,1,765,1981849
01/28/2014,1,614,937098
01/29/2014,1,720,1841446
01/30/2014,1,631,1054825
01/31/2014,1,790,1927339
02/03/2014,1,853,2486836
02/04/2014,1,756,1594219
02/05/2014,1,785,1672982
02/06/2014,1,741,1649896
02/07/2014,1,783,1977356
02/10/2014,1,641,833760
02/11/2014,1,747,1699877
02/12/2014,1,706,1033731
02/13/2014,1,720,1189417
02/14/2014,1,747,1492770
02/18/2014,1,747,882944
02/19/2014,1,735,1731192
02/20/2014,1,696,1233969
02/21/2014,1,742,1368466
02/24/2014,1,833,1564667
02/25/2014,1,760,1180859
02/26/2014,1,700,1079355
02/27/2014,1,714,1009781
02/28/2014,1,883,1796589
03/03/2014,1,824,1754120
03/04/2014,1,845,1247882
03/05/2014,1,726,836245
03/06/2014,1,758,1265461
03/07/2014,1,763,1567517
03/10/2014,1,775,973933
03/11/2014,1,776,1234490
03/12/2014,1,799,1060694
03/13/2014,1,941,2605369
03/14/2014,1,929,2634161
03/17/2014,1,825,1374989
03/18/2014,1,877,1287326
03/19/2014,1,857,1384025
03/20/2014,1,809,1193747
03/21/2014,1,856,1631423
03/24/2014,1,858,1317333
03/25/2014,1,772,1155346
03/26/2014,1,778,1596108
03/27/2014,1,746,1486571
03/28/2014,1,699,1520949
03/31/2014,1,742,1152904
04/01/2014,1,718,1081590
04/02/2014,1,695,833374
04/03/2014,1,724,1016010
04/04/2014,1,868,2731225
04/07/2014,1,848,1821583
04/08/2014,1,691,1224427
04/09/2014,1,682,1387042
04/10/2014,1,864,2350954
04/11/2014,1,936,3009061
04/14/2014,1,719,1580490
04/15/2014,1,783,2297255
04/16/2014,1,677,1847423
04/17/2014,1,715,1733475
04/21/2014,1,628,665872
04/22/2014,1,751,1196885
04/23/2014,1,629,825667
04/24/2014,1,689,1062859
04/25/2014,1,739,1695923
04/28/2014,1,683,1315929
04/29/2014,1,666,935459
04/30/2014,1,658,1016522
05/01/2014,1,722,1090958
05/02/2014,1,764,1610830
05/05/2014,1,673,864379
05/06/2014,1,690,1278995
05/07/2014,1,670,1604009
05/08/2014,1,803,1510222
05/09/2014,1,717,1426423
05/12/2014,1,770,1368057
05/13/2014,1,710,1000315
05/14/2014,1,745,1266514
05/15/2014,1,853,2176334
05/16/2014,1,745,1361463
05/19/2014,1,664,774432
05/20/2014,1,702,1122322
05/21/2014,1,752,1264735
05/22/2014,1,714,979824
05/23/2014,1,725,1294246
05/27/2014,1,761,1117431
05/28/2014,1,656,1011500
05/29/2014,1,698,1224297
05/30/2014,1,745,1434844
06/02/2014,1,664,840919
06/03/2014,1,655,1011742
06/04/2014,1,712,1428644
06/05/2014,1,815,1728789
06/06/2014,1,838,1950910
06/09/2014,1,743,1135240
06/10/2014,1,661,814941
06/11/2014,1,669,916542
06/12/2014,1,786,1733022
06/13/2014,1,670,1493888
06/16/2014,1,612,810240
06/17/2014,1,659,1229334
06/18/2014,1,702,1708907
06/19/2014,1,721,1463880
06/20/2014,1,748,1434323
06/23/2014,1,645,1040899
06/24/2014,1,727,1613111
06/25/2014,1,676,1057217
06/26/2014,1,716,1206400
06/27/2014,1,691,964029
06/30/2014,1,680,1184541
07/01/2014,1,728,1361832
07/02/2014,1,621,1033950
07/03/2014,1,666,1663263
07/07/2014,1,642,974194
07/08/2014,1,686,1586327
07/09/2014,1,595,848089
07/10/2014,1,733,1395659
07/11/2014,1,637,1069522
07/14/2014,1,627,879091
07/15/2014,1,703,1231115
07/16/2014,1,647,744154
07/17/2014,1,816,2669833
07/18/2014,1,714,1937765
07/21/2014,1,681,928241
07/22/2014,1,681,1314868
07/23/2014,1,686,919866
07/24/2014,1,627,887891
07/25/2014,1,668,1386875
07/28/2014,1,650,913604
07/29/2014,1,664,912736
07/30/2014,1,730,1304852
07/31/2014,1,896,3146498
08/01/2014,1,871,2901574
08/04/2014,1,733,1267717
08/05/2014,1,831,1791303
08/06/2014,1,720,1213920
08/07/2014,1,805,1719569
08/08/2014,1,775,2011666
08/11/2014,1,677,1166169
08/12/2014,1,646,953220
08/13/2014,1,676,1261153
08/14/2014,1,663,1136934
08/15/2014,1,794,2688450
08/18/2014,1,692,1053472
08/19/2014,1,702,1275083
08/20/2014,1,710,1437635
08/21/2014,1,694,1139360
08/22/2014,1,669,1536274
08/25/2014,1,694,1195408
08/26/2014,1,646,672881
08/27/2014,1,559,959825
08/28/2014,1,614,1529584
08/29/2014,1,661,1235458
09/02/2014,1,640,1266935
09/03/2014,1,653,1248735
09/04/2014,1,748,1643178
09/05/2014,1,786,1596220
09/08/2014,1,620,848357
09/09/2014,1,815,1064721
09/10/2014,1,692,1039233
09/11/2014,1,717,915307
09/12/2014,1,779,1745674
09/15/2014,1,714,1216038
09/16/2014,1,764,1695814
09/17/2014,1,796,1929975
09/18/2014,1,748,1688616
09/19/2014,1,828,1822086
09/22/2014,1,766,1486425
09/23/2014,1,731,1488168
09/24/2014,1,705,1375576
09/25/2014,1,823,2308721
09/26/2014,1,713,2201388
09/29/2014,1,712,1544138
09/30/2014,1,682,1596084
10/01/2014,1,809,3023472
10/02/2014,1,799,2573494
10/03/2014,1,734,2077739
10/06/2014,1,664,1130009
10/07/2014,1,732,1830373
10/08/2014,1,758,2449851
10/09/2014,1,832,3072140
10/10/2014,1,919,3398741
10/13/2014,1,902,4022239
10/14/2014,1,851,3160727
10/15/2014,1,1084,5378454
10/16/2014,1,1097,3424809
10/17/2014,1,970,3265136
10/20/2014,1,913,1347774
10/21/2014,1,930,2777033
10/22/2014,1,868,2316034
10/23/2014,1,884,2020388
10/24/2014,1,853,1710526
10/27/2014,1,741,1235392
10/28/2014,1,814,1547175
10/29/2014,1,830,1611273
10/30/2014,1,787,1137193
10/31/2014,1,917,2261071
11/03/2014,1,835,967717
11/04/2014,1,738,1123704
11/05/2014,1,731,1067263
11/06/2014,1,805,1458092
11/07/2014,1,813,1330670
11/10/2014,1,794,1117791
11/11/2014,1,702,740853
11/12/2014,1,695,899140
11/13/2014,1,825,1388409
11/14/2014,1,692,1104483
11/17/2014,1,719,838152
11/18/2014,1,783,1129349
11/19/2014,1,751,1449055
11/20/2014,1,748,1067383
11/21/2014,1,839,2019431
11/24/2014,1,745,775147
11/25/2014,1,742,929293
11/26/2014,1,659,709000
11/28/2014,1,658,1078808
12/01/2014,1,768,1238159
12/02/2014,1,684,805739
12/03/2014,1,719,719967
12/04/2014,1,781,999136
12/05/2014,1,796,1174086
12/08/2014,1,775,1242692
12/09/2014,1,862,1385936
12/10/2014,1,936,2096891
12/11/2014,1,883,1940113
12/12/2014,1,956,2615829
12/15/2014,1,934,2199176
12/16/2014,1,924,2326715
12/17/2014,1,919,2404255
12/18/2014,1,934,2251009
12/19/2014,1,892,2521540
12/22/2014,1,796,921879
12/23/2014,1,783,1130379
12/24/2014,1,578,379110
12/26/2014,1,682,790608
12/29/2014,1,705,782606
12/30/2014,1,691,1003313
12/31/2014,1,853,1656788
01/02/2015,1,825,1586947
01/05/2015,1,887,2232360
01/06/2015,1,895,2545110
01/07/2015,1,741,1171801
01/08/2015,1,763,1734091
01/09/2015,1,768,1801354
01/12/2015,1,723,1191653
01/13/2015,1,857,1880625
01/14/2015,1,873,2319005
01/15/2015,1,786,2047575
01/16/2015,1,806,2045494
01/20/2015,1,787,1126573
01/21/2015,1,771,1408924
01/22/2015,1,846,1694907
01/23/2015,1,779,1699758
01/26/2015,1,735,824923
01/27/2015,1,818,1574904
01/28/2015,1,830,1594540
01/29/2015,1,827,1867367
01/30/2015,1,853,2099277
02/02/2015,1,832,1595975
02/03/2015,1,833,1532555
02/04/2015,1,819,1199128
02/05/2015,1,830,1455922
02/06/2015,1,950,2577858
02/09/2015,1,753,901920
02/10/2015,1,763,1136805
02/11/2015,1,757,1120465
02/12/2015,1,884,1637215
02/13/2015,1,885,1426540
02/17/2015,1,789,1142263
02/18/2015,1,716,945573
02/19/2015,1,757,1191912
02/20/2015,1,839,1837888
02/23/2015,1,783,856735
02/24/2015,1,874,1121537
02/25/2015,1,802,1103118
02/26/2015,1,798,1087419
02/27/2015,1,748,1330816
03/02/2015,1,788,1042822
03/03/2015,1,816,1080446
03/04/2015,1,783,907269
03/05/2015,1,706,768786
03/06/2015,1,930,2885428
03/09/2015,1,721,917069
03/10/2015,1,871,1958063
03/11/2015,1,760,1493574
03/12/2015,1,740,1425331
03/13/2015,1,809,2034918
03/16/2015,1,773,1458500
03/17/2015,1,720,1079954
03/18/2015,1,852,2117705
03/19/2015,1,826,1581319
03/20/2015,1,846,1919124
03/23/2015,1,791,950807
03/24/2015,1,799,1053535
03/25/2015,1,867,1888571
03/26/2015,1,861,1996148
03/27/2015,1,759,1246444
03/30/2015,1,783,1256945
03/31/2015,1,726,1283257
04/01/2015,1,782,1399090
04/02/2015,1,657,1025355
04/06/2015,1,714,1326328
04/07/2015,1,704,1101862
04/08/2015,1,689,1074680
04/09/2015,1,770,1129067
04/10/2015,1,794,1525322
04/13/2015,1,768,1008631
04/14/2015,1,724,934470
04/15/2015,1,726,1128890
04/16/2015,1,720,989885
04/17/2015,1,858,2172349
04/20/2015,1,792,1212774
04/21/2015,1,703,827989
04/22/2015,1,759,970562
04/23/2015,1,805,1310084
04/24/2015,1,822,891533
04/27/2015,1,800,1162767
04/28/2015,1,736,1105140
04/29/2015,1,777,1298735
04/30/2015,1,901,1770619
05/01/2015,1,798,1473780
05/04/2015,1,834,955506
05/05/2015,1,834,1880463
05/06/2015,1,881,2178983
05/07/2015,1,768,1240604
05/08/2015,1,894,2009080
05/11/2015,1,821,1072861
05/12/2015,1,786,1277806
05/13/2015,1,736,1095946
05/14/2015,1,801,1333725
05/15/2015,1,785,1053699
05/18/2015,1,803,1513048
05/19/2015,1,759,961718
05/20/2015,1,779,876337
05/21/2015,1,763,975573
05/22/2015,1,766,1347528
05/26/2015,1,888,1482131
05/27/2015,1,728,1479847
05/28/2015,1,704,1190293
05/29/2015,1,793,1757500
06/01/2015,1,748,1076514
06/02/2015,1,703,1092684
06/03/2015,1,681,990450
06/04/2015,1,871,1992454
06/05/2015,1,785,1721386
06/08/2015,1,766,1495551
06/09/2015,1,740,1378864
06/10/2015,1,791,1354791
06/11/2015,1,726,1105388
06/12/2015,1,802,1711434
06/15/2015,1,786,1323263
06/16/2015,1,700,1269693
06/17/2015,1,753,1445928
06/18/2015,1,866,2325830
06/19/2015,1,787,2074754
06/22/2015,1,801,1156057
06/23/2015,1,752,922877
06/24/2015,1,789,1247273
06/25/2015,1,814,1417438
06/26/2015,1,779,1873533
06/29/2015,1,1031,3338364
06/30/2015,1,890,2330668
07/01/2015,1,788,1631008
07/02/2015,1,857,1761833
07/06/2015,1,814,2112012
07/07/2015,1,918,2469414
07/08/2015,1,932,2193984
07/09/2015,1,887,1770525
07/10/2015,1,868,1883417
07/13/2015,1,843,1598362
07/14/2015,1,809,1624791
07/15/2015,1,765,1461254
07/16/2015,1,822,1462278
07/17/2015,1,766,1286767
07/20/2015,1,806,1263023
07/21/2015,1,773,1026358
07/22/2015,1,784,940070
07/23/2015,1,905,1716011
07/24/2015,1,923,2521680
07/27/2015,1,858,1850867
07/28/2015,1,845,1218423
07/29/2015,1,842,1270721
07/30/2015,1,805,1236298
07/31/2015,1,869,1633459
08/03/2015,1,847,1225557
08/04/2015,1,809,905690
08/05/2015,1,810,1256279
08/06/2015,1,867,1990945
08/07/2015,1,968,1980125
08/10/2015,1,905,1199001
08/11/2015,1,882,1919313
08/12/2015,1,1026,2693270
08/13/2015,1,883,1267709
08/14/2015,1,785,1445573
08/17/2015,1,866,1894120
08/18/2015,1,814,1146228
08/19/2015,1,959,2370309
08/20/2015,1,1051,3604021
08/21/2015,1,1213,7007414
08/24/2015,1,1329,4310317
08/25/2015,1,1499,2933710
08/26/2015,1,1404,2735656
08/27/2015,1,1335,3039743
08/28/2015,1,1281,2090998
08/31/2015,1,1196,1423440
09/01/2015,1,1363,2572422
09/02/2015,1,1268,1798108
09/03/2015,1,1198,1817359
09/04/2015,1,1244,2459127
09/08/2015,1,1121,1439954
09/09/2015,1,1094,1797244
09/10/2015,1,1097,1857594
09/11/2015,1,1118,1713063
09/14/2015,1,940,1058095
09/15/2015,1,1046,1554310
09/16/2015,1,1007,1678091
09/17/2015,1,1127,2851243
09/18/2015,1,1123,2925633
09/21/2015,1,1047,1209439
09/22/2015,1,1026,2134616
09/23/2015,1,865,1399150
09/24/2015,1,1076,2461519
09/25/2015,1,1008,2355643
09/28/2015,1,1159,2476186
09/29/2015,1,1009,2054724
09/30/2015,1,952,1927966
10/01/2015,1,971,1566839
10/02/2015,1,1082,2571945
10/05/2015,1,1068,1707544
10/06/2015,1,921,1277457
10/07/2015,1,934,1641309
10/08/2015,1,971,2027016
10/09/2015,1,940,1651916
10/12/2015,1,827,986400
10/13/2015,1,831,1464188
10/14/2015,1,869,1394918
10/15/2015,1,871,1981245
10/16/2015,1,841,1981903
10/19/2015,1,870,1053300
10/20/2015,1,803,965054
10/21/2015,1,846,1448902
10/22/2015,1,978,1754788
10/23/2015,1,1016,1987262
10/26/2015,1,757,934434
10/27/2015,1,785,1174634
10/28/2015,1,957,1605120
10/29/2015,1,835,1163046
10/30/2015,1,892,1390129
11/02/2015,1,931,1035195
11/03/2015,1,900,1415384
11/04/2015,1,849,1634336
11/05/2015,1,832,1301733
11/06/2015,1,858,1792838
11/09/2015,1,854,1367367
11/10/2015,1,766,979422
11/11/2015,1,710,941234
11/12/2015,1,907,1679388
11/13/2015,1,982,2939551
11/16/2015,1,852,1610148
11/17/2015,1,825,1445728
11/18/2015,1,780,1509891
11/19/2015,1,741,1229022
11/20/2015,1,789,1660950
11/23/2015,1,755,963173
11/24/2015,1,747,1069892
11/25/2015,1,723,770987
11/27/2015,1,608,631876
11/30/2015,1,721,1018064
12/01/2015,1,806,1000847
12/02/2015,1,886,1075879
12/03/2015,1,1002,2009884
12/04/2015,1,951,1916880
12/07/2015,1,873,1273039
12/08/2015,1,867,1086069
12/09/2015,1,914,1997189
12/10/2015,1,821,1172310
12/11/2015,1,1096,3368791
12/14/2015,1,1019,1923566
12/15/2015,1,911,1577354
12/16/2015,1,920,2035529
12/17/2015,1,866,2167311
12/18/2015,1,957,2874239
12/21/2015,1,787,1217261
12/22/2015,1,785,1323720
12/23/2015,1,800,1286671
12/24/2015,1,629,692842
12/28/2015,1,761,746847
12/29/2015,1,833,954323
12/30/2015,1,850,932466
12/31/2015,1,841,1429053
01/04/2016,1,1044,1996447
01/05/2016,1,861,1267834
01/06/2016,1,914,1557011
01/07/2016,1,1084,3123423
01/08/2016,1,1103,2694617
01/11/2016,1,1168,1991919
01/12/2016,1,1025,1719999
01/13/2016,1,1133,2169910
01/14/2016,1,1149,2597457
01/15/2016,1,1301,3342206
01/19/2016,1,1168,1792229
01/20/2016,1,1345,3326287
01/21/2016,1,1185,1847562
01/22/2016,1,1236,1951010
01/25/2016,1,1057,1091500
01/26/2016,1,1004,984360
01/27/2016,1,1032,1527492
01/28/2016,1,1009,1182085
01/29/2016,1,1215,2250025
02/01/2016,1,1045,1493221
02/02/2016,1,1045,1842001
02/03/2016,1,1040,1784368
02/04/2016,1,953,1192060
02/05/2016,1,1122,2183714
02/08/2016,1,1131,2204449
02/09/2016,1,1083,1497192
02/10/2016,1,1024,1181038
02/11/2016,1,1255,1976918
02/12/2016,1,1145,1506617
02/16/2016,1,1106,1303985
02/17/2016,1,1116,1860117
02/18/2016,1,1018,1595182
02/19/2016,1,1009,1494539
02/22/2016,1,1086,1521201
02/23/2016,1,950,1264215
02/24/2016,1,1025,1886684
02/25/2016,1,998,1364916
02/26/2016,1,1068,1809313
02/29/2016,1,971,1471106
03/01/2016,1,1082,1604271
03/02/2016,1,955,1402051
03/03/2016,1,989,1774444
03/04/2016,1,1129,2188437
03/07/2016,1,992,1102957
03/08/2016,1,1031,1260798
03/09/2016,1,968,1387330
03/10/2016,1,1097,1907859
03/11/2016,1,1142,1978513
03/14/2016,1,954,1265269
03/15/2016,1,960,1074889
03/16/2016,1,1044,1587450
03/17/2016,1,1088,1926233
03/18/2016,1,1034,1789747
03/21/2016,1,938,1034473
03/22/2016,1,940,1267321
03/23/2016,1,929,1299298
03/24/2016,1,966,1326868
03/28/2016,1,873,772205
03/29/2016,1,968,1311135
03/30/2016,1,988,1740025
03/31/2016,1,915,1319000
04/01/2016,1,975,1441058
04/04/2016,1,905,969255
04/05/2016,1,930,1342275
04/06/2016,1,909,1488366
04/07/2016,1,994,1791325
04/08/2016,1,900,1399880
04/11/2016,1,901,1105435
04/12/2016,1,893,1314899
04/13/2016,1,960,1577094
04/14/2016,1,882,1106701
04/15/2016,1,893,1303820
04/18/2016,1,1010,1059371
04/19/2016,1,1039,1341076
04/20/2016,1,1056,1294821
04/21/2016,1,945,1246908
04/22/2016,1,936,1207999
04/25/2016,1,884,854417
04/26/2016,1,848,778466
04/27/2016,1,845,1095651
04/28/2016,1,991,1330931
04/29/2016,1,1132,1980883
05/02/2016,1,916,915451
05/03/2016,1,903,1293256
05/04/2016,1,878,1187708
05/05/2016,1,812,950047
05/06/2016,1,908,1440527
05/09/2016,1,841,872316
05/10/2016,1,924,1509416
05/11/2016,1,875,1147640
05/12/2016,1,894,1314616
05/13/2016,1,912,1793786
05/16/2016,1,898,1234649
05/17/2016,1,937,1525303
05/18/2016,1,960,2068676
05/19/2016,1,1033,2184766
05/20/2016,1,913,1847769
05/23/2016,1,865,925829
05/24/2016,1,977,1536713
05/25/2016,1,1020,1645468
05/26/2016,1,862,1057492
05/27/2016,1,985,1252721
05/31/2016,1,947,1366210
06/01/2016,1,843,975711
06/02/2016,1,845,1099678
06/03/2016,1,945,1495697
06/06/2016,1,914,1154727
06/07/2016,1,918,958597
06/08/2016,1,901,1168596
06/09/2016,1,974,1415614
06/10/2016,1,1086,2211446
06/13/2016,1,1019,1496812
06/14/2016,1,1046,1983587
06/15/2016,1,963,1239804
06/16/2016,1,1062,2224728
06/17/2016,1,981,1575756
06/20/2016,1,1020,1465192
06/21/2016,1,888,1092259
06/22/2016,1,962,1804963
06/23/2016,1,1021,1753129
06/24/2016,1,1322,3836248
06/27/2016,1,1250,2762220
06/28/2016,1,1073,2030306
06/29/2016,1,1090,2286276
06/30/2016,1,1057,2663628
07/01/2016,1,1042,1808247
07/05/2016,1,991,1394428
07/06/2016,1,937,1618234
07/07/2016,1,959,1310898
07/08/2016,1,1158,2334237
07/11/2016,1,1025,1187656
07/12/2016,1,1059,1514648
07/13/2016,1,940,1484701
07/14/2016,1,1052,1786753
07/15/2016,1,995,1476940
07/18/2016,1,953,799234
07/19/2016,1,872,952801
07/20/2016,1,1022,1336702
07/21/2016,1,1020,1559762
07/22/2016,1,959,1159796
07/25/2016,1,936,849117
07/26/2016,1,902,977009
07/27/2016,1,922,1126780
07/28/2016,1,902,1070842
07/29/2016,1,946,1639218
08/01/2016,1,965,1072341
08/02/2016,1,971,1389508
08/03/2016,1,880,918075
08/04/2016,1,855,829921
08/05/2016,1,1032,1484506
08/08/2016,1,922,767825
08/09/2016,1,934,885503
08/10/2016,1,915,913071
08/11/2016,1,909,1122937
08/12/2016,1,897,1097685
08/15/2016,1,885,964827
08/16/2016,1,944,1301911
08/17/2016,1,900,1353631
08/18/2016,1,811,1144302
08/19/2016,1,781,1141235
08/22/2016,1,848,1054819
08/23/2016,1,855,1376416
08/24/2016,1,836,1156931
08/25/2016,1,812,1138303
08/26/2016,1,992,2275194
08/29/2016,1,807,913606
08/30/2016,1,913,789537
08/31/2016,1,954,1117322
09/01/2016,1,1005,1467472
09/02/2016,1,1064,1606973
09/06/2016,1,1045,1125372
09/07/2016,1,1009,1136147
09/08/2016,1,911,1229302
09/09/2016,1,1266,3400383
09/12/2016,1,1212,2344026
09/13/2016,1,1173,2538122
09/14/2016,1,1026,1713806
09/15/2016,1,993,1691144
09/16/2016,1,987,2286716
09/19/2016,1,1018,1187324
09/20/2016,1,929,1453924
09/21/2016,1,1043,2154842
09/22/2016,1,1062,1703797
09/23/2016,1,892,1358315
09/26/2016,1,924,1608575
09/27/2016,1,868,1161286
09/28/2016,1,952,1494826
09/29/2016,1,1048,2180885
09/30/2016,1,1020,1645850
10/03/2016,1,913,1112109
10/04/2016,1,1029,1647323
10/05/2016,1,987,1143377
10/06/2016,1,988,1247453
10/07/2016,1,1005,2155565
10/10/2016,1,954,1167725
10/11/2016,1,1139,2446225
10/12/2016,1,937,1321062
10/13/2016,1,1085,2111496
10/14/2016,1,989,1689618
10/17/2016,1,916,947322
10/18/2016,1,952,1282544
10/19/2016,1,910,1309834
10/20/2016,1,914,1799571
10/21/2016,1,949,1563098
10/24/2016,1,975,1097098
10/25/2016,1,923,1074253
10/26/2016,1,1003,1319864
10/27/2016,1,1002,1381112
10/28/2016,1,1142,2916473
10/31/2016,1,981,1426519
11/01/2016,1,1249,2560971
11/02/2016,1,1185,1998745
11/03/2016,1,1252,2328502
11/04/2016,1,1263,2804393
11/07/2016,1,1241,2297337
11/08/2016,1,1260,2551280
11/09/2016,1,1428,3869812
11/10/2016,1,1238,2615565
11/11/2016,1,1177,1941019
11/14/2016,1,1125,1142315
11/15/2016,1,1077,1349120
11/16/2016,1,1028,1250755
11/17/2016,1,1041,1417988
11/18/2016,1,1056,1473826
11/21/2016,1,1149,1129954
11/22/2016,1,1119,1222208
11/23/2016,1,1026,976787
11/25/2016,1,943,802544
11/28/2016,1,1054,1128983
11/29/2016,1,998,862207
11/30/2016,1,1052,1128174
12/01/2016,1,1134,1493097
12/02/2016,1,1072,1288204
12/05/2016,1,1080,1172661
12/06/2016,1,1041,943502
12/07/2016,1,1294,2312659
12/08/2016,1,1248,1548564
12/09/2016,1,1311,1649379
12/12/2016,1,1145,1062297
12/13/2016,1,1274,1496496
12/14/2016,1,1233,1624812
12/15/2016,1,1163,1525010
12/16/2016,1,1043,1474824
12/19/2016,1,1112,1019693
12/20/2016,1,1082,1319657
12/21/2016,1,949,894716
12/22/2016,1,1014,1227768
12/23/2016,1,832,648317
12/27/2016,1,1029,881314
12/28/2016,1,1001,896431
12/29/2016,1,981,1010544
12/30/2016,1,1136,1455059
01/03/2017,1,1119,1011961
01/04/2017,1,1075,921844
01/05/2017,1,968,1190697
01/06/2017,1,1083,1490256
01/09/2017,1,1005,878815
01/10/2017,1,1009,974280
01/11/2017,1,1060,1676560
01/12/2017,1,1067,1383063
01/13/2017,1,1047,1462508
01/17/2017,1,1078,1259445
01/18/2017,1,1011,2462115
01/19/2017,1,1058,1686518
01/20/2017,1,1161,2358259
01/23/2017,1,1137,1331095
01/24/2017,1,1173,1536619
01/25/2017,1,1224,1995882
01/26/2017,1,1058,1185415
01/27/2017,1,1056,1323618
01/30/2017,1,1200,1725146
01/31/2017,1,1069,1197003
02/01/2017,1,1073,1344743
02/02/2017,1,978,1308798
02/03/2017,1,1185,1934939
02/06/2017,1,1030,1459799
02/07/2017,1,1018,1116502
02/08/2017,1,1064,1485386
02/09/2017,1,1188,1757533
02/10/2017,1,1166,1723977
02/13/2017,1,1133,1429381
02/14/2017,1,1134,1586718
02/15/2017,1,1254,2451854
02/16/2017,1,1243,2241555
02/17/2017,1,1148,1919188
02/21/2017,1,1292,1714635
02/22/2017,1,1042,1480182
02/23/2017,1,1128,1645481
02/24/2017,1,1067,1570857
02/27/2017,1,1117,1309889
02/28/2017,1,1029,1467110
03/01/2017,1,1303,2781384
03/02/2017,1,1194,1448092
03/03/2017,1,1120,1566539
03/06/2017,1,1074,978205
03/07/2017,1,980,1067100
03/08/2017,1,1007,1369387
03/09/2017,1,1048,1522563
03/10/2017,1,1054,1559772
03/13/2017,1,944,829571
03/14/2017,1,980,1263807
03/15/2017,1,1084,1681274
03/16/2017,1,1086,1530244
03/17/2017,1,1104,2078660
03/20/2017,1,1023,968023
03/21/2017,1,1235,2730345
03/22/2017,1,1094,2185445
03/23/2017,1,1087,1596493
03/24/2017,1,1152,2971129
03/27/2017,1,1107,1735439
03/28/2017,1,1090,1471426
03/29/2017,1,985,1302865
03/30/2017,1,978,1183249
03/31/2017,1,984,1536197
04/03/2017,1,1060,1322172
04/04/2017,1,962,967343
04/05/2017,1,1111,2302972
04/06/2017,1,1006,1410428
04/07/2017,1,1027,1484081
04/10/2017,1,971,1674188
04/11/2017,1,1111,1686614
04/12/2017,1,1122,1679275
04/13/2017,1,1158,2090643
04/17/2017,1,1070,1442352
04/18/2017,1,1027,1690026
04/19/2017,1,1151,1868211
04/20/2017,1,1112,2537938
04/21/2017,1,1139,2596766
04/24/2017,1,1268,1978600
04/25/2017,1,1192,1657430
04/26/2017,1,1210,1504921
04/27/2017,1,1096,1228235
04/28/2017,1,1092,1522622
05/01/2017,1,995,860051
05/02/2017,1,979,974538
05/03/2017,1,1009,1092141
05/04/2017,1,1037,1143718
05/05/2017,1,1043,1759670
05/08/2017,1,1089,1173556
05/09/2017,1,1043,1093254
05/10/2017,1,1106,1136616
05/11/2017,1,1186,1357256
05/12/2017,1,970,1686038
05/15/2017,1,1061,1094743
05/16/2017,1,1102,1112073
05/17/2017,1,1384,3520624
05/18/2017,1,1385,2221741
05/19/2017,1,1292,2946281
05/22/2017,1,1253,994279
05/23/2017,1,1157,1095167
05/24/2017,1,1121,1096745
05/25/2017,1,1287,1936833
05/26/2017,1,1091,1134066
05/30/2017,1,1068,839490
05/31/2017,1,967,1324405
06/01/2017,1,1051,1441964
06/02/2017,1,1098,1616397
06/05/2017,1,980,997539
06/06/2017,1,968,1075274
06/07/2017,1,991,1386175
06/08/2017,1,983,970741
06/09/2017,1,1035,2521102
06/12/2017,1,1026,1255530
06/13/2017,1,1029,1114372
06/14/2017,1,943,1297295
06/15/2017,1,1122,1497131
06/16/2017,1,1015,1662970
06/19/2017,1,1081,1290436
06/20/2017,1,1057,1126021
06/21/2017,1,1021,1233682
06/22/2017,1,930,785751
06/23/2017,1,1037,1225273
06/26/2017,1,965,938599
06/27/2017,1,976,1228182
06/28/2017,1,945,1150686
06/30/2017,1,982,1646682
07/03/2017,1,877,769698
07/05/2017,1,959,1064433
07/06/2017,1,1055,1432785
07/07/2017,1,959,1414751
07/10/2017,1,954,851895
07/11/2017,1,942,1049008
07/12/2017,1,1073,1481651
07/13/2017,1,955,1116671
07/14/2017,1,1059,1500690
07/17/2017,1,946,803526
07/18/2017,1,980,956807
07/19/2017,1,1085,1605198
07/20/2017,1,1034,1149239
07/21/2017,1,1059,1555473
07/24/2017,1,1050,641809
07/25/2017,1,1105,1190359
07/27/2017,1,1076,2118503
07/28/2017,1,949,1388042
07/31/2017,1,884,878887
08/01/2017,1,987,904365
08/02/2017,1,952,1331913
08/03/2017,1,1001,1076315
08/04/2017,1,971,1603176
08/07/2017,1,876,955860
08/08/2017,1,1194,2144587
08/09/2017,1,1210,2340501
08/10/2017,1,1231,3277555
08/11/2017,1,1095,2650433
08/15/2017,1,990,1343235
08/16/2017,1,1054,1874050
08/17/2017,1,1215,3209093
08/18/2017,1,1116,2734125
08/21/2017,1,1013,1238522
08/22/2017,1,1092,1603203
08/23/2017,1,940,1191138
08/24/2017,1,987,1034207
08/25/2017,1,1056,1478092
08/28/2017,1,906,806004
08/29/2017,1,969,1423664
08/30/2017,1,1031,1591324
08/31/2017,1,1133,1796802
09/01/2017,1,1096,1661175
09/05/2017,1,1174,1961867
09/06/2017,1,1137,1378880
09/07/2017,1,957,1140136
09/08/2017,1,1044,1689505
09/11/2017,1,1110,1490216
09/12/2017,1,1047,1358975
09/13/2017,1,1020,1055832
09/14/2017,1,998,1222028
09/15/2017,1,1075,1721155
09/18/2017,1,1048,1183242
09/19/2017,1,966,1161355
09/20/2017,1,979,1441504
09/21/2017,1,869,1098642
09/22/2017,1,879,1145720
09/25/2017,1,931,1238860
09/26/2017,1,825,828669
09/27/2017,1,991,1328441
09/28/2017,1,888,924554
09/29/2017,1,1076,1939740
10/02/2017,1,1023,1105195
10/03/2017,1,910,928478
10/04/2017,1,932,1303104
10/05/2017,1,1071,1743756
10/06/2017,1,1025,1902523
10/09/2017,1,957,886969
10/10/2017,1,916,995954
10/11/2017,1,978,1132673
10/12/2017,1,964,1055120
10/13/2017,1,956,1225910
10/16/2017,1,935,1294655
10/17/2017,1,913,1255427
10/18/2017,1,964,1168295
10/19/2017,1,956,1874286
10/20/2017,1,1066,1952090
10/23/2017,1,1145,1544494
10/24/2017,1,1025,924571
10/25/2017,1,1147,2112658
10/26/2017,1,908,1001712
10/27/2017,1,1170,1503328
10/30/2017,1,961,1008291
10/31/2017,1,949,1015052
11/01/2017,1,1041,1608381
11/02/2017,1,957,1360567
11/03/2017,1,1042,1477740
11/06/2017,1,976,1266071
11/07/2017,1,1056,1431532
11/08/2017,1,979,1164949
11/09/2017,1,1132,2494759
11/10/2017,1,980,1800977
12/01/2017,1,1156,2725330
12/04/2017,1,1141,1760544
12/05/2017,1,974,1351199
12/06/2017,1,931,1044811
12/07/2017,1,930,1012045
12/08/2017,1,1039,1281911
12/11/2017,1,1034,876247
12/12/2017,1,1067,940435
12/13/2017,1,1001,1154350
12/14/2017,1,1015,1241209
12/15/2017,1,1088,2057682
12/18/2017,1,1111,1606546
12/19/2017,1,1027,1141079
12/20/2017,1,1000,1229968
12/21/2017,1,985,1320070
12/22/2017,1,919,1162631
12/26/2017,1,859,735029
12/27/2017,1,915,731599
12/28/2017,1,853,757659
12/29/2017,1,1059,1600095
01/02/2018,1,1010,1313063
01/03/2018,1,1100,1678949
01/04/2018,1,1127,1780264
01/05/2018,1,1177,1661544
01/08/2018,1,1017,1288053
01/09/2018,1,1121,1560800
01/10/2018,1,1032,1898535
01/11/2018,1,1112,1329664
01/12/2018,1,1152,2190223
01/16/2018,1,1265,2821935
01/17/2018,1,1206,1876825
01/18/2018,1,1070,1493122
01/19/2018,1,1098,1743725
01/22/2018,1,1215,1781897
01/23/2018,1,1203,1791158
01/24/2018,1,1241,2596321
01/25/2018,1,1118,1309166
01/26/2018,1,1346,2300348
01/29/2018,1,1318,1796942
01/30/2018,1,1397,2798295
01/31/2018,1,1263,1922480
02/01/2018,1,1208,1486561
02/02/2018,1,1494,4227072
02/05/2018,1,1808,5341442
02/06/2018,1,1770,4204894
02/07/2018,1,1625,2960775
02/08/2018,1,1743,2975230
02/09/2018,1,1890,3487650
02/12/2018,1,1634,2177285
02/13/2018,1,1458,1797303
02/14/2018,1,1561,2658300
02/15/2018,1,1429,2677745
02/16/2018,1,1650,2837064
02/20/2018,1,1448,1606678
02/21/2018,1,1506,2102344
02/22/2018,1,1453,1990154
02/23/2018,1,1495,2334084
02/26/2018,1,1561,2086889
02/27/2018,1,1505,2175563
02/28/2018,1,1469,2153985
03/01/2018,1,1794,3878586
03/02/2018,1,1629,3360020
03/05/2018,1,1506,1901721
03/06/2018,1,1396,1564857
03/07/2018,1,1447,2058758
03/08/2018,1,1204,1533090
03/09/2018,1,1555,2703230
03/12/2018,1,1334,1769394
03/13/2018,1,1299,2110245
03/14/2018,1,1419,2320896
03/15/2018,1,1232,1773736
03/16/2018,1,1208,2079962
03/19/2018,1,1547,3246745
03/20/2018,1,1168,1241466
03/21/2018,1,1269,1678198
03/22/2018,1,1628,3270847
03/23/2018,1,1775,4175845
03/26/2018,1,1527,2828435
03/27/2018,1,1463,2711303
03/28/2018,1,1500,3203277
03/29/2018,1,1358,2330208
04/02/2018,1,1630,3510935
04/03/2018,1,1539,1959514
04/04/2018,1,1572,2629070
04/05/2018,1,1391,1655083
04/06/2018,1,1649,2788314
04/09/2018,1,1415,1800621
04/10/2018,1,1335,1868669
04/11/2018,1,1284,1730879
04/12/2018,1,1379,1586673
04/13/2018,1,1366,2365684
04/16/2018,1,1407,1832039
04/17/2018,1,1452,2164008
04/18/2018,1,1451,2039279
04/19/2018,1,1274,1939685
04/20/2018,1,1329,2316474
04/23/2018,1,1364,1574892
04/24/2018,1,1507,2989946
04/25/2018,1,1433,2061654
04/26/2018,1,1345,1733857
04/27/2018,1,1357,1562194
04/30/2018,1,1355,1406126
05/01/2018,1,1316,1471121
05/02/2018,1,1292,1283525
05/03/2018,1,1452,2564723
05/04/2018,1,1424,2254276
05/07/2018,1,1407,1430152
05/08/2018,1,1257,1136259
05/09/2018,1,1459,1716119
05/10/2018,1,1533,2062642
05/11/2018,1,1380,2016810
05/14/2018,1,1335,1642443
05/15/2018,1,1328,2072633
05/16/2018,1,1181,1356709
05/17/2018,1,1133,1313749
05/18/2018,1,1143,1476739
05/21/2018,1,1295,1247594
05/22/2018,1,1280,1019778
05/23/2018,1,1219,1588674
05/24/2018,1,1248,1141806
05/25/2018,1,1169,1217261
05/29/2018,1,1477,2113576
05/30/2018,1,1241,1754401
05/31/2018,1,1260,1659784
06/01/2018,1,1303,1548388
06/04/2018,1,1222,1051492
06/05/2018,1,1141,1027354
06/06/2018,1,1274,1576137
06/07/2018,1,1241,1629075
06/08/2018,1,1191,1151683
06/11/2018,1,1242,1013802
06/12/2018,1,1100,1087949
06/13/2018,1,1147,1404247
06/14/2018,1,1172,1356953
06/15/2018,1,1320,1852477
06/18/2018,1,1230,973451
06/19/2018,1,1271,1222903
06/20/2018,1,1068,983643
06/21/2018,1,1178,1276731
06/22/2018,1,1102,978128
06/25/2018,1,1458,2724722
06/26/2018,1,1073,1128313
06/27/2018,1,1251,2047942
06/28/2018,1,1147,1421733
06/29/2018,1,1202,1646073
07/02/2018,1,1261,1381858
07/03/2018,1,1098,1009171
07/05/2018,1,1202,1098687
07/06/2018,1,1325,1591540
07/09/2018,1,1344,1388616
07/10/2018,1,1310,1365712
07/11/2018,1,1192,1695664
07/12/2018,1,1243,1276641
07/13/2018,1,1282,1225422
07/16/2018,1,1136,937447
07/17/2018,1,1214,1270244
07/18/2018,1,1106,889414
07/19/2018,1,1146,1224291
07/20/2018,1,1108,1489424
07/23/2018,1,1072,832594
07/24/2018,1,1255,1367219
07/25/2018,1,1306,1270400
07/26/2018,1,1155,1003076
07/27/2018,1,1287,1805845
07/30/2018,1,1169,1460288
07/31/2018,1,1190,1133652
08/01/2018,1,1199,1262257
08/02/2018,1,1263,1342058
08/03/2018,1,1301,1164681
08/06/2018,1,1310,1004588
08/07/2018,1,1280,1291533
08/08/2018,1,1103,948047
08/09/2018,1,1085,887982
08/10/2018,1,1317,2209321
08/13/2018,1,1326,1656633
08/14/2018,1,1125,981038
08/15/2018,1,1475,2645778
08/16/2018,1,1228,1655962
08/17/2018,1,1189,1498501
08/20/2018,1,1172,831217
08/21/2018,1,1208,1080018
08/22/2018,1,1132,1101504
08/23/2018,1,1075,1383683
08/24/2018,1,1157,1453933
08/27/2018,1,1258,1275321
08/28/2018,1,1116,903977
08/29/2018,1,1212,1234304
08/30/2018,1,1236,1314201
08/31/2018,1,1148,1503145
09/04/2018,1,1122,1068698
09/05/2018,1,1064,1219633
09/06/2018,1,1211,1632312
09/07/2018,1,1227,1526932
09/10/2018,1,1070,979961
09/11/2018,1,1091,973706
09/12/2018,1,1094,1120748
09/13/2018,1,1140,1268921
09/14/2018,1,1103,1180454
09/17/2018,1,1119,1380275
09/18/2018,1,1061,1288448
09/19/2018,1,1014,957721
09/20/2018,1,1251,1517282
09/21/2018,1,1115,1594073
09/24/2018,1,1195,1007042
09/25/2018,1,1016,746922
09/26/2018,1,1041,1168484
09/27/2018,1,993,1201506
09/28/2018,1,1118,1357824
10/01/2018,1,1247,1123200
10/02/2018,1,1146,906897
10/03/2018,1,1144,1537055
10/04/2018,1,1463,2615455
10/05/2018,1,1388,2396360
10/08/2018,1,1341,1919773
10/09/2018,1,1190,1396850
10/10/2018,1,1626,4272959
10/11/2018,1,1774,4725208
10/12/2018,1,1656,3413375
10/15/2018,1,1508,2124513
10/16/2018,1,1452,2232779
10/17/2018,1,1392,2137542
10/18/2018,1,1516,2930001
10/19/2018,1,1409,2104613
10/22/2018,1,1386,1561036
10/23/2018,1,1532,2883569
10/24/2018,1,1621,3535753
10/25/2018,1,1707,2565034
10/26/2018,1,1784,3806880
10/29/2018,1,1661,2550311
10/30/2018,1,1551,2073386
10/31/2018,1,1678,2491810
11/01/2018,1,1603,1774825
11/02/2018,1,1701,2092870
11/05/2018,1,1454,1500994
11/06/2018,1,1440,1187820
11/07/2018,1,1728,2433647
11/08/2018,1,1448,1579346
11/09/2018,1,1531,2011479
11/12/2018,1,1589,2185398
11/13/2018,1,1520,1631036
11/14/2018,1,1568,2371028
11/15/2018,1,1555,2157173
11/16/2018,1,1439,1737948
11/19/2018,1,1538,1715093
11/20/2018,1,1604,2594879
11/21/2018,1,1377,1631768
11/23/2018,1,1205,962802
11/26/2018,1,1318,1236161
11/27/2018,1,1192,949875
11/28/2018,1,1392,2045833
11/29/2018,1,1239,1582486
11/30/2018,1,1248,1377625
12/03/2018,1,1398,1960406
12/04/2018,1,1530,2839575
12/06/2018,1,1615,3002536
12/07/2018,1,1607,2872567
12/10/2018,1,1636,2412368
12/11/2018,1,1390,1879675
12/12/2018,1,1478,1636835
12/13/2018,1,1316,1532575
12/14/2018,1,1536,2135845
12/17/2018,1,1702,3410370
12/18/2018,1,1591,2532465
12/19/2018,1,1747,3288554
12/20/2018,1,1947,5076564
12/21/2018,1,1868,4782846
12/24/2018,1,1782,2665218
12/26/2018,1,1952,3074380
12/27/2018,1,1949,2064406
12/28/2018,1,1877,1848688
12/31/2018,1,1712,1932869
01/02/2019,1,1675,2102757
01/03/2019,1,1631,1759146
01/04/2019,1,1839,2335385
01/07/2019,1,1736,1501964
01/08/2019,1,1724,1444718
01/09/2019,1,1703,1848242
01/10/2019,1,1655,1589759
01/11/2019,1,1634,1612318
01/14/2019,1,1567,1461797
01/15/2019,1,1636,1422725
01/16/2019,1,1709,1866932
01/17/2019,1,1610,1507960
01/18/2019,1,1942,2638705
01/22/2019,1,1790,2066250
01/23/2019,1,1630,1957272
01/24/2019,1,1448,1241272
01/25/2019,1,1671,1744808
01/28/2019,1,1554,1735279
01/29/2019,1,1332,942125
01/30/2019,1,1614,1853434
01/31/2019,1,1587,1624716
02/01/2019,1,1522,1691180
02/05/2019,1,1641,1518498
02/06/2019,1,1451,1274392
02/07/2019,1,1662,1763904
02/08/2019,1,1472,1694518
02/11/2019,1,1330,999863
02/12/2019,1,1562,1221001
02/13/2019,1,1596,1661055
02/14/2019,1,1536,1610657
02/15/2019,1,1606,1932447
02/19/2019,1,1571,1156486
02/20/2019,1,1428,1441960
02/21/2019,1,1422,1400907
02/22/2019,1,1529,1226600
02/25/2019,1,1575,1861092
02/26/2019,1,1402,996653
02/27/2019,1,1363,1244372
02/28/2019,1,1246,1119516
03/01/2019,1,1433,1520633
03/04/2019,1,1647,2402773
03/05/2019,1,1258,1030455
03/06/2019,1,1378,1630304
03/07/2019,1,1553,2218054
03/08/2019,1,1595,2172189
03/11/2019,1,1529,1411637
03/12/2019,1,1544,1367823
03/13/2019,1,1573,1528343
03/14/2019,1,1503,1247614
03/15/2019,1,1595,1513863
03/18/2019,1,1565,1267854
03/19/2019,1,1539,1493278
03/20/2019,1,1450,1877023
03/21/2019,1,1522,1561474
03/22/2019,1,1686,2624245
03/25/2019,1,1484,2090430
03/26/2019,1,1393,1218125
03/27/2019,1,1387,1655885
03/28/2019,1,1317,1067069
03/29/2019,1,1393,1446711
04/01/2019,1,1585,1607146
04/02/2019,1,1469,967442
04/03/2019,1,1690,1490530
04/04/2019,1,1529,1145887
04/05/2019,1,1638,1419167
04/08/2019,1,1448,1027008
04/09/2019,1,1514,1136971
04/10/2019,1,1343,946855
04/11/2019,1,1402,1034101
04/12/2019,1,1654,1459093
04/15/2019,1,1497,1014391
04/16/2019,1,1520,895892
04/17/2019,1,1408,1243019
04/18/2019,1,1425,1334437
04/22/2019,1,1299,929513
04/23/2019,1,1530,1367696
04/24/2019,1,1393,1070132
04/25/2019,1,1437,1035065
04/26/2019,1,1485,1268188
04/29/2019,1,1458,1162730
04/30/2019,1,1385,1740618
05/01/2019,1,1474,1675933
05/02/2019,1,1469,1544393
05/03/2019,1,1475,1317612
05/06/2019,1,1507,2105461
05/07/2019,1,1675,3047916
05/08/2019,1,1590,1807262
05/09/2019,1,1767,2841464
05/10/2019,1,1705,2751315
05/13/2019,1,1757,2616799
05/14/2019,1,1519,1741363
05/15/2019,1,1493,1701370
05/16/2019,1,1466,1995681
05/17/2019,1,1362,2273042
05/20/2019,1,1342,1444413
05/21/2019,1,1298,1109883
05/22/2019,1,1228,1276044
05/23/2019,1,1492,2000609
05/24/2019,1,1309,1517734
05/28/2019,1,1302,1703116
05/29/2019,1,1505,2967250
05/30/2019,1,1320,1622018
05/31/2019,1,1497,2549297
06/03/2019,1,1561,2399855
06/04/2019,1,1461,1816954
06/05/2019,1,1368,1972981
06/06/2019,1,1395,1487234
06/07/2019,1,1541,2210407
06/10/2019,1,1465,1867004
06/11/2019,1,1475,1579959
06/12/2019,1,1311,1104274
06/13/2019,1,1356,1080361
06/14/2019,1,1397,1177709
06/17/2019,1,1290,1026042
06/18/2019,1,1607,1688239
06/19/2019,1,1486,1653096
06/20/2019,1,1745,1870253
06/21/2019,1,1609,1574519
06/24/2019,1,1441,1001926
06/25/2019,1,1481,1406751
06/26/2019,1,1421,1138736
06/27/2019,1,1408,977837
06/28/2019,1,1694,1278816
07/01/2019,1,1864,1601133
07/02/2019,1,1669,1362664
07/03/2019,1,1758,1038805
07/05/2019,1,1688,1304719
07/08/2019,1,1567,1122131
07/09/2019,1,1431,954199
07/10/2019,1,1592,1328961
07/11/2019,1,1508,1295968
07/12/2019,1,1591,1430450
07/15/2019,1,1480,1004113
07/16/2019,1,1427,1064337
07/17/2019,1,1369,1201689
07/18/2019,1,1441,1403343
07/19/2019,1,1498,1606056
07/22/2019,1,1407,1106546
07/23/2019,1,1410,881638
07/24/2019,1,1387,1005434
07/25/2019,1,1402,1180846
07/26/2019,1,1465,1172267
07/29/2019,1,1285,959466
07/30/2019,1,1238,906996
07/31/2019,1,1516,1988171
08/01/2019,1,1592,2688018
08/02/2019,1,1574,2787898
08/05/2019,1,1916,4009419
08/06/2019,1,1746,2258258
08/07/2019,1,1743,2266907
08/08/2019,1,1722,2181812
08/09/2019,1,1583,1749812
08/12/2019,1,1631,1898731
08/13/2019,1,1706,2061469
08/14/2019,1,1880,3259391
08/15/2019,1,1710,1814240
08/16/2019,1,1664,2038958
08/19/2019,1,1578,1511507
08/20/2019,1,1410,1345644
08/21/2019,1,1452,1364461
08/22/2019,1,1530,1377427
08/23/2019,1,1849,3389004
08/26/2019,1,1636,1838936
08/27/2019,1,1573,1592291
08/28/2019,1,1537,1302820
08/29/2019,1,1650,1914619
08/30/2019,1,1595,2285581
09/03/2019,1,1543,1796919
09/04/2019,1,1621,1429852
09/05/2019,1,1825,2093718
09/06/2019,1,1655,1456537
09/09/2019,1,1575,1507563
09/10/2019,1,1439,1826812
09/11/2019,1,1591,1606552
09/12/2019,1,1711,1758884
09/13/2019,1,1596,1604964
09/16/2019,1,1471,1550101
09/17/2019,1,1411,967528
09/18/2019,1,1754,1959988
09/19/2019,1,1627,1451267
09/20/2019,1,1570,2332010
09/23/2019,1,1572,1353095
09/24/2019,1,1679,2708507
09/25/2019,1,1506,1624117
09/26/2019,1,1378,1456598
09/27/2019,1,1595,2146835
09/30/2019,1,1422,1333844
11/01/2019,1,1707,2215559
11/04/2019,1,1677,1729825
11/05/2019,1,1443,1090463
11/06/2019,1,1421,1333979
11/07/2019,1,1642,1628414
11/08/2019,1,1500,1343308
11/11/2019,1,1530,1249382
11/12/2019,1,1703,1239049
11/13/2019,1,1564,1583528
11/14/2019,1,1585,1320493
11/15/2019,1,1774,1763687
11/18/2019,1,1603,1292940
11/19/2019,1,1597,1284752
11/20/2019,1,1731,2056413
11/21/2019,1,1497,1576860
11/22/2019,1,1534,1314755
11/25/2019,1,1698,1380316
11/26/2019,1,1546,1385315
11/27/2019,1,1701,1491381
11/29/2019,1,1400,991408
12/02/2019,1,1656,1830919
12/03/2019,1,1836,2060342
12/04/2019,1,1570,1583418
12/05/2019,1,1475,991429
12/06/2019,1,1802,2072548
12/09/2019,1,1707,1297235
12/10/2019,1,1744,1109505
12/11/2019,1,1505,1375275
12/12/2019,1,1976,2345366
12/13/2019,1,1932,2424863
12/16/2019,1,2019,1919220
12/17/2019,1,1795,1062257
12/18/2019,1,1721,1163622
12/19/2019,1,1851,1511631
12/20/2019,1,1921,1840265
12/23/2019,1,1693,1252215
12/24/2019,1,1327,688036
12/26/2019,1,1624,972992
12/27/2019,1,1809,1244297
12/30/2019,1,1794,1618428
12/31/2019,1,1686,1346130
01/02/2020,1,1858,1431239
01/03/2020,1,1785,1961546
01/06/2020,1,1752,1428175
01/07/2020,1,1578,963936
01/08/2020,1,1885,1849574
01/09/2020,1,1849,1500199
01/10/2020,1,1848,1892280
01/13/2020,1,1778,1737355
01/14/2020,1,1746,1657264
01/15/2020,1,1699,1742435
01/16/2020,1,1868,1535241
01/17/2020,1,1910,1818814
01/21/2020,1,1749,1760024
01/22/2020,1,1712,1278799
01/23/2020,1,1696,1398699
01/24/2020,1,2019,3245453
01/27/2020,1,2051,2764576
01/28/2020,1,1879,1558554
01/29/2020,1,1700,1585174
01/30/2020,1,1904,1985222
01/31/2020,1,2151,3536046
02/03/2020,1,1835,1828476
02/04/2020,1,1836,1738239
02/05/2020,1,1934,2065727
02/06/2020,1,1845,1355895
02/07/2020,1,1870,2136060
02/10/2020,1,1837,1439313
02/11/2020,1,1946,1734726
02/12/2020,1,1923,1904464
02/13/2020,1,1849,1720363
02/14/2020,1,1759,1773990
02/18/2020,1,1851,1723170
02/19/2020,1,1898,1412983
02/20/2020,1,1922,2101032
02/21/2020,1,2046,3044997
02/24/2020,1,2419,4303277
02/25/2020,1,2521,4902774
02/26/2020,1,2625,4053481
02/27/2020,1,2744,4908175
02/28/2020,1,3051,5179841
03/02/2020,1,2896,3466913
03/03/2020,1,2982,3093141
03/04/2020,1,2834,2990282
03/05/2020,1,2994,3063415
03/06/2020,1,3197,4542118
03/09/2020,1,3423,4247125
03/10/2020,1,3131,3513542
03/11/2020,1,3302,3683961
03/12/2020,1,3724,4458297
03/13/2020,1,3770,4462489
03/16/2020,1,3844,4528325
03/17/2020,1,3712,3490906
03/18/2020,1,3750,4725117
03/19/2020,1,3400,3594313
03/20/2020,1,3428,4596852
03/23/2020,1,3508,3828171
03/24/2020,1,3375,3544702
03/25/2020,1,3520,4585450
03/26/2020,1,3456,4246551
03/27/2020,1,3273,3602238
03/30/2020,1,3314,3465048
03/31/2020,1,3139,3371628
04/01/2020,1,3046,3589773
04/02/2020,1,2908,2986381
04/03/2020,1,2772,3136963
04/06/2020,1,3139,3543309
04/07/2020,1,3162,3651057
04/08/2020,1,3008,3217490
04/09/2020,1,3280,4312852
04/13/2020,1,3014,2654238
04/14/2020,1,3072,3009557
04/15/2020,1,2887,2974574
04/16/2020,1,2752,2277059
04/17/2020,1,3015,3434780
04/20/2020,1,2851,3014870
04/21/2020,1,2861,2812810
04/22/2020,1,2589,2336127
04/23/2020,1,2705,2501691
04/24/2020,1,2657,2909333
04/27/2020,1,2927,2397429
04/28/2020,1,2685,2221902
04/29/2020,1,2905,3336675
04/30/2020,1,2697,2473758
05/01/2020,1,2907,3511359
05/04/2020,1,2640,2424984
05/05/2020,1,2602,2104762
05/06/2020,1,2451,2438413
05/07/2020,1,2483,2177754
05/08/2020,1,2667,2961639
05/11/2020,1,2629,2511877
05/12/2020,1,2555,2676681
05/13/2020,1,2798,4508639
05/14/2020,1,2681,3359796
05/15/2020,1,2464,3348769
05/18/2020,1,2854,3130426
05/19/2020,1,2399,1926026
05/20/2020,1,2543,2463460
05/21/2020,1,2245,2334564
05/22/2020,1,2187,2450570
05/26/2020,1,2742,2863631
05/27/2020,1,2571,3221055
05/28/2020,1,2584,3186992
05/29/2020,1,2505,3447419
06/01/2020,1,2385,2031964
06/02/2020,1,2519,2010250
06/03/2020,1,2866,3088639
06/04/2020,1,2587,2515323
06/05/2020,1,3164,3891806
06/08/2020,1,2830,2142763
06/09/2020,1,2634,1854308
06/10/2020,1,2748,2578653
06/11/2020,1,3331,5823795
06/12/2020,1,3114,5940216
06/15/2020,1,2999,3856715
06/16/2020,1,2928,3056252
06/17/2020,1,2526,2553200
06/18/2020,1,2439,2109207
06/19/2020,1,2738,4205413
06/22/2020,1,2392,2470489
06/23/2020,1,2367,2160500
06/24/2020,1,2649,4756627
06/25/2020,1,2399,2810095
06/26/2020,1,2570,4121691
06/29/2020,1,2391,2350977
06/30/2020,1,2319,2433448
07/01/2020,1,2230,2270079
07/02/2020,1,2455,2733681
07/06/2020,1,2396,2182517
07/07/2020,1,2185,1897318
07/08/2020,1,2108,2177206
07/09/2020,1,2300,2677104
07/10/2020,1,2303,2560330
07/13/2020,1,2638,3457753
07/14/2020,1,2349,2849580
07/15/2020,1,2422,2770619
07/16/2020,1,2067,1650710
07/17/2020,1,2157,2157094
07/20/2020,1,2391,1754275
07/21/2020,1,2293,1852639
07/22/2020,1,2134,1864276
07/23/2020,1,2276,2253412
07/24/2020,1,2193,2648332
07/27/2020,1,2075,1610195
07/28/2020,1,2065,1412264
07/29/2020,1,2131,1669843
07/30/2020,1,2254,1944591
07/31/2020,1,2244,2730975
08/03/2020,1,2337,1583072
08/04/2020,1,2251,1424346
08/05/2020,1,2298,2073911
08/06/2020,1,2303,1614997
08/07/2020,1,2213,2405515
08/10/2020,1,2321,1784393
08/11/2020,1,2431,2513422
08/12/2020,1,2260,2320652
08/13/2020,1,2144,1803931
08/14/2020,1,2153,2405211
08/17/2020,1,2159,1256690
08/18/2020,1,2090,2144631
08/19/2020,1,2201,2401494
08/20/2020,1,2126,1770740
08/21/2020,1,2088,2307663
08/24/2020,1,2282,1934407
08/25/2020,1,2173,1461905
08/26/2020,1,2416,2619511
08/27/2020,1,2489,2253757
08/28/2020,1,2465,2145446
08/31/2020,1,2337,1930619
09/01/2020,1,2240,1380621
09/02/2020,1,2650,2776207
09/03/2020,1,2878,4325520
09/04/2020,1,2800,4026701
09/08/2020,1,2549,2919859
09/09/2020,1,2247,2128113
09/10/2020,1,2151,2576729
09/11/2020,1,2258,2936241
09/14/2020,1,2058,1650870
09/15/2020,1,1940,1317191
09/16/2020,1,1990,2328884
09/17/2020,1,2096,2522872
09/18/2020,1,2234,3096835
09/21/2020,1,2428,2833359
09/22/2020,1,2070,1771750
09/23/2020,1,2220,2924269
09/24/2020,1,2097,2450334
09/25/2020,1,2011,1851592
09/28/2020,1,2043,1769621
09/29/2020,1,1769,1455754
09/30/2020,1,2006,2852885
10/01/2020,1,1880,1705735
10/02/2020,1,2039,2668254
10/05/2020,1,1930,1515097
10/06/2020,1,1964,2145314
10/07/2020,1,1891,2027634
10/08/2020,1,1898,1690985
10/09/2020,1,2119,2279453
10/12/2020,1,2304,2294556
10/13/2020,1,1912,1587058
10/14/2020,1,1917,1873774
10/15/2020,1,1956,1657008
10/16/2020,1,1882,1693187
10/19/2020,1,2066,2432819
10/20/2020,1,1878,1749127
10/21/2020,1,1765,1882485
10/22/2020,1,1814,1718029
10/23/2020,1,1850,1827023
10/26/2020,1,2211,3105557
10/27/2020,1,1947,1584815
10/28/2020,1,2493,4054001
10/29/2020,1,2195,2203276
10/30/2020,1,2666,3314097
11/02/2020,1,2554,2493851
11/03/2020,1,2520,2197545
11/04/2020,1,2638,2938357
11/05/2020,1,2666,2153461
11/06/2020,1,2468,2164090
11/09/2020,1,3037,3368511
11/10/2020,1,2535,1877065
11/11/2020,1,2404,2522571
11/12/2020,1,2493,2694020
11/13/2020,1,2447,2528499
11/16/2020,1,2613,2208463
11/17/2020,1,2264,1965750
11/18/2020,1,2344,2077626
11/19/2020,1,2337,2020297
11/20/2020,1,2229,2127906
11/23/2020,1,2165,1813993
11/24/2020,1,2311,2213920
11/25/2020,1,2038,1704645
11/27/2020,1,1889,1169955
11/30/2020,1,2218,2174411
12/01/2020,1,2333,1987432
12/02/2020,1,2027,1624183
12/03/2020,1,2231,1787275
12/04/2020,1,2253,2095571
12/07/2020,1,2190,1519794
12/08/2020,1,2142,1561454
12/09/2020,1,2208,2880670
12/10/2020,1,1918,1940678
12/11/2020,1,2237,2717375
12/14/2020,1,2222,2192879
12/15/2020,1,2187,1811884
12/16/2020,1,2135,1876767
12/17/2020,1,2223,1746206
12/18/2020,1,2333,2304961
12/21/2020,1,2407,2558483
12/22/2020,1,2058,1529040
12/23/2020,1,2053,1581208
12/24/2020,1,1715,1100925
12/28/2020,1,2188,1552186
12/29/2020,1,2181,2229076
12/30/2020,1,2118,1554790
12/31/2020,1,2240,1944050
